# Blender 3.6.2
# www.blender.org
mtllib login.mtl
o Text
v 3.352000 0.569000 0.000000
v 3.363449 0.573982 0.000000
v 3.374343 0.578440 0.000000
v 3.384750 0.582391 0.000000
v 3.394741 0.585852 0.000000
v 3.404384 0.588841 0.000000
v 3.413750 0.591375 0.000000
v 3.422908 0.593472 0.000000
v 3.431926 0.595148 0.000000
v 3.440875 0.596422 0.000000
v 3.449824 0.597310 0.000000
v 3.458843 0.597830 0.000000
v 3.468000 0.598000 0.000000
v 3.485447 0.597196 0.000000
v 3.501741 0.594819 0.000000
v 3.516813 0.590922 0.000000
v 3.530593 0.585556 0.000000
v 3.543012 0.578773 0.000000
v 3.554000 0.570625 0.000000
v 3.563488 0.561165 0.000000
v 3.571408 0.550444 0.000000
v 3.577688 0.538516 0.000000
v 3.582259 0.525431 0.000000
v 3.585053 0.511241 0.000000
v 3.586000 0.496000 0.000000
v 3.585063 0.481028 0.000000
v 3.582250 0.467139 0.000000
v 3.577563 0.454375 0.000000
v 3.571000 0.442778 0.000000
v 3.562563 0.432389 0.000000
v 3.552250 0.423250 0.000000
v 3.540063 0.415403 0.000000
v 3.526000 0.408889 0.000000
v 3.510063 0.403750 0.000000
v 3.492250 0.400028 0.000000
v 3.472563 0.397764 0.000000
v 3.451000 0.397000 0.000000
v 3.451000 0.307000 0.000000
v 3.474249 0.307087 0.000000
v 3.495495 0.304944 0.000000
v 3.514734 0.300719 0.000000
v 3.531963 0.294556 0.000000
v 3.547178 0.286601 0.000000
v 3.560375 0.277000 0.000000
v 3.571552 0.265899 0.000000
v 3.580704 0.253444 0.000000
v 3.587828 0.239781 0.000000
v 3.592921 0.225056 0.000000
v 3.595980 0.209413 0.000000
v 3.597000 0.193000 0.000000
v 3.596115 0.176991 0.000000
v 3.593505 0.162009 0.000000
v 3.589234 0.148125 0.000000
v 3.583370 0.135407 0.000000
v 3.575979 0.123926 0.000000
v 3.567125 0.113750 0.000000
v 3.556876 0.104949 0.000000
v 3.545296 0.097593 0.000000
v 3.532453 0.091750 0.000000
v 3.518412 0.087491 0.000000
v 3.503239 0.084884 0.000000
v 3.487000 0.084000 0.000000
v 3.474499 0.084355 0.000000
v 3.461991 0.085421 0.000000
v 3.449469 0.087203 0.000000
v 3.436926 0.089704 0.000000
v 3.424355 0.092927 0.000000
v 3.411750 0.096875 0.000000
v 3.399103 0.101553 0.000000
v 3.386407 0.106963 0.000000
v 3.373656 0.113109 0.000000
v 3.360842 0.119995 0.000000
v 3.347959 0.127624 0.000000
v 3.335000 0.136000 0.000000
v 3.335000 0.030000 0.000000
v 3.347249 0.023981 0.000000
v 3.359490 0.018431 0.000000
v 3.371718 0.013359 0.000000
v 3.383926 0.008778 0.000000
v 3.396105 0.004696 0.000000
v 3.408250 0.001125 0.000000
v 3.420353 -0.001925 -0.000000
v 3.432407 -0.004444 -0.000000
v 3.444406 -0.006422 -0.000000
v 3.456343 -0.007847 -0.000000
v 3.468210 -0.008710 -0.000000
v 3.480000 -0.009000 -0.000000
v 3.510699 -0.007257 -0.000000
v 3.539676 -0.002139 -0.000000
v 3.566750 0.006188 0.000000
v 3.591741 0.017556 0.000000
v 3.614468 0.031799 0.000000
v 3.634750 0.048750 0.000000
v 3.652408 0.068243 0.000000
v 3.667259 0.090111 0.000000
v 3.679125 0.114188 0.000000
v 3.687824 0.140306 0.000000
v 3.693176 0.168299 0.000000
v 3.695000 0.198000 0.000000
v 3.694370 0.215491 0.000000
v 3.692463 0.232847 0.000000
v 3.689250 0.249891 0.000000
v 3.684704 0.266444 0.000000
v 3.678796 0.282332 0.000000
v 3.671500 0.297375 0.000000
v 3.662787 0.311398 0.000000
v 3.652630 0.324222 0.000000
v 3.641000 0.335672 0.000000
v 3.627870 0.345569 0.000000
v 3.613213 0.353738 0.000000
v 3.597000 0.360000 0.000000
v 3.611736 0.368701 0.000000
v 3.624972 0.377861 0.000000
v 3.636750 0.387563 0.000000
v 3.647111 0.397889 0.000000
v 3.656097 0.408924 0.000000
v 3.663750 0.420750 0.000000
v 3.670111 0.433451 0.000000
v 3.675222 0.447111 0.000000
v 3.679125 0.461813 0.000000
v 3.681861 0.477639 0.000000
v 3.683472 0.494674 0.000000
v 3.684000 0.513000 0.000000
v 3.682375 0.539190 0.000000
v 3.677583 0.563685 0.000000
v 3.669750 0.586375 0.000000
v 3.659000 0.607148 0.000000
v 3.645458 0.625894 0.000000
v 3.629250 0.642500 0.000000
v 3.610500 0.656857 0.000000
v 3.589333 0.668852 0.000000
v 3.565875 0.678375 0.000000
v 3.540250 0.685315 0.000000
v 3.512583 0.689560 0.000000
v 3.483000 0.691000 0.000000
v 3.470492 0.690811 0.000000
v 3.458435 0.690241 0.000000
v 3.446781 0.689281 0.000000
v 3.435481 0.687926 0.000000
v 3.424487 0.686168 0.000000
v 3.413750 0.684000 0.000000
v 3.403221 0.681415 0.000000
v 3.392852 0.678407 0.000000
v 3.382593 0.674969 0.000000
v 3.372398 0.671093 0.000000
v 3.362216 0.666772 0.000000
v 3.352000 0.662000 0.000000
v 0.399000 0.643000 0.000000
v 0.386919 0.650667 0.000000
v 0.374685 0.657667 0.000000
v 0.362313 0.664000 0.000000
v 0.349815 0.669667 0.000000
v 0.337206 0.674667 0.000000
v 0.324500 0.679000 0.000000
v 0.311711 0.682667 0.000000
v 0.298852 0.685667 0.000000
v 0.285938 0.688000 0.000000
v 0.272981 0.689667 0.000000
v 0.259998 0.690667 0.000000
v 0.247000 0.691000 0.000000
v 0.216668 0.689539 0.000000
v 0.188264 0.685227 0.000000
v 0.161922 0.678172 0.000000
v 0.137778 0.668482 0.000000
v 0.115967 0.656263 0.000000
v 0.096625 0.641625 0.000000
v 0.079887 0.624674 0.000000
v 0.065889 0.605519 0.000000
v 0.054766 0.584266 0.000000
v 0.046653 0.561023 0.000000
v 0.041686 0.535899 0.000000
v 0.040000 0.509000 0.000000
v 0.045804 0.465641 0.000000
v 0.061852 0.428380 0.000000
v 0.086094 0.396187 0.000000
v 0.116481 0.368037 0.000000
v 0.150966 0.342900 0.000000
v 0.187500 0.319750 0.000000
v 0.224034 0.297558 0.000000
v 0.258519 0.275296 0.000000
v 0.288906 0.251937 0.000000
v 0.313148 0.226454 0.000000
v 0.329196 0.197817 0.000000
v 0.335000 0.165000 0.000000
v 0.334267 0.155325 0.000000
v 0.332056 0.145435 0.000000
v 0.328344 0.135531 0.000000
v 0.323111 0.125815 0.000000
v 0.316337 0.116487 0.000000
v 0.308000 0.107750 0.000000
v 0.298080 0.099804 0.000000
v 0.286556 0.092852 0.000000
v 0.273406 0.087094 0.000000
v 0.258611 0.082731 0.000000
v 0.242149 0.079966 0.000000
v 0.224000 0.079000 0.000000
v 0.207339 0.079726 0.000000
v 0.190875 0.081889 0.000000
v 0.174641 0.085469 0.000000
v 0.158667 0.090444 0.000000
v 0.142984 0.096795 0.000000
v 0.127625 0.104500 0.000000
v 0.112620 0.113538 0.000000
v 0.098000 0.123889 0.000000
v 0.083797 0.135531 0.000000
v 0.070042 0.148444 0.000000
v 0.056766 0.162608 0.000000
v 0.044000 0.178000 0.000000
v 0.044000 0.054000 0.000000
v 0.058319 0.043727 0.000000
v 0.072801 0.034403 0.000000
v 0.087484 0.026016 0.000000
v 0.102407 0.018556 0.000000
v 0.117608 0.012012 0.000000
v 0.133125 0.006375 0.000000
v 0.148996 0.001634 0.000000
v 0.165259 -0.002222 -0.000000
v 0.181953 -0.005203 -0.000000
v 0.199116 -0.007319 -0.000000
v 0.216785 -0.008582 -0.000000
v 0.235000 -0.009000 -0.000000
v 0.261866 -0.007403 -0.000000
v 0.287343 -0.002727 -0.000000
v 0.311250 0.004859 0.000000
v 0.333407 0.015185 0.000000
v 0.353634 0.028080 0.000000
v 0.371750 0.043375 0.000000
v 0.387574 0.060899 0.000000
v 0.400926 0.080481 0.000000
v 0.411625 0.101953 0.000000
v 0.419491 0.125144 0.000000
v 0.424343 0.149883 0.000000
v 0.426000 0.176000 0.000000
v 0.420196 0.225891 0.000000
v 0.404148 0.267880 0.000000
v 0.379906 0.303187 0.000000
v 0.349519 0.333037 0.000000
v 0.315034 0.358650 0.000000
v 0.278500 0.381250 0.000000
v 0.241966 0.402058 0.000000
v 0.207482 0.422296 0.000000
v 0.177094 0.443187 0.000000
v 0.152852 0.465954 0.000000
v 0.136804 0.491817 0.000000
v 0.131000 0.522000 0.000000
v 0.131922 0.533677 0.000000
v 0.134625 0.544667 0.000000
v 0.139016 0.554906 0.000000
v 0.145000 0.564333 0.000000
v 0.152484 0.572885 0.000000
v 0.161375 0.580500 0.000000
v 0.171578 0.587115 0.000000
v 0.183000 0.592667 0.000000
v 0.195547 0.597094 0.000000
v 0.209125 0.600333 0.000000
v 0.223641 0.602323 0.000000
v 0.239000 0.603000 0.000000
v 0.250704 0.602653 0.000000
v 0.262796 0.601560 0.000000
v 0.275250 0.599641 0.000000
v 0.288037 0.596815 0.000000
v 0.301130 0.593003 0.000000
v 0.314500 0.588125 0.000000
v 0.328120 0.582101 0.000000
v 0.341963 0.574852 0.000000
v 0.356000 0.566297 0.000000
v 0.370204 0.556357 0.000000
v 0.384546 0.544951 0.000000
v 0.399000 0.532000 0.000000
v 0.503000 0.341000 0.000000
v 0.505903 0.295251 0.000000
v 0.514477 0.250838 0.000000
v 0.528516 0.208266 0.000000
v 0.547815 0.168037 0.000000
v 0.572170 0.130656 0.000000
v 0.601375 0.096625 0.000000
v 0.635226 0.066448 0.000000
v 0.673519 0.040630 0.000000
v 0.716047 0.019672 0.000000
v 0.762607 0.004079 0.000000
v 0.812993 -0.005646 -0.000000
v 0.867000 -0.009000 -0.000000
v 0.922786 -0.005627 -0.000000
v 0.974542 0.004148 0.000000
v 1.022109 0.019813 0.000000
v 1.065333 0.040852 0.000000
v 1.104057 0.066752 0.000000
v 1.138125 0.097000 0.000000
v 1.167380 0.131081 0.000000
v 1.191667 0.168481 0.000000
v 1.210828 0.208688 0.000000
v 1.224709 0.251185 0.000000
v 1.233151 0.295461 0.000000
v 1.236000 0.341000 0.000000
v 1.233076 0.387800 0.000000
v 1.224440 0.432898 0.000000
v 1.210297 0.475844 0.000000
v 1.190852 0.516185 0.000000
v 1.166310 0.553471 0.000000
v 1.136875 0.587250 0.000000
v 1.102753 0.617071 0.000000
v 1.064148 0.642482 0.000000
v 1.021266 0.663031 0.000000
v 0.974310 0.678269 0.000000
v 0.923487 0.687742 0.000000
v 0.869000 0.691000 0.000000
v 0.815373 0.687723 0.000000
v 0.765153 0.678199 0.000000
v 0.718578 0.662891 0.000000
v 0.675889 0.642259 0.000000
v 0.637325 0.616767 0.000000
v 0.603125 0.586875 0.000000
v 0.573530 0.553046 0.000000
v 0.548778 0.515741 0.000000
v 0.529109 0.475422 0.000000
v 0.514764 0.432551 0.000000
v 0.505981 0.387590 0.000000
v 0.604000 0.341000 0.000000
v 0.606311 0.377626 0.000000
v 0.613074 0.412343 0.000000
v 0.624031 0.444906 0.000000
v 0.638926 0.475074 0.000000
v 0.657501 0.502603 0.000000
v 0.679500 0.527250 0.000000
v 0.704666 0.548772 0.000000
v 0.732741 0.566926 0.000000
v 0.763469 0.581469 0.000000
v 0.796593 0.592157 0.000000
v 0.831855 0.598749 0.000000
v 0.869000 0.601000 0.000000
v 0.906375 0.598749 0.000000
v 0.941829 0.592157 0.000000
v 0.975109 0.581469 0.000000
v 1.005963 0.566926 0.000000
v 1.034136 0.548772 0.000000
v 1.059375 0.527250 0.000000
v 1.081427 0.502603 0.000000
v 1.100037 0.475074 0.000000
v 1.114953 0.444906 0.000000
v 1.125921 0.412343 0.000000
v 1.132688 0.377626 0.000000
v 1.135000 0.341000 0.000000
v 1.132688 0.304584 0.000000
v 1.125921 0.270005 0.000000
v 1.114953 0.237516 0.000000
v 1.100037 0.207370 0.000000
v 1.081427 0.179822 0.000000
v 1.059375 0.155125 0.000000
v 1.034136 0.133532 0.000000
v 1.005963 0.115296 0.000000
v 0.975110 0.100672 0.000000
v 0.941829 0.089912 0.000000
v 0.906375 0.083270 0.000000
v 0.869000 0.081000 0.000000
v 0.831855 0.083270 0.000000
v 0.796593 0.089912 0.000000
v 0.763469 0.100672 0.000000
v 0.732741 0.115296 0.000000
v 0.704665 0.133532 0.000000
v 0.679500 0.155125 0.000000
v 0.657501 0.179822 0.000000
v 0.638926 0.207370 0.000000
v 0.624031 0.237516 0.000000
v 0.613074 0.270005 0.000000
v 0.606311 0.304584 0.000000
v 1.453000 0.682000 0.000000
v 1.355000 0.682000 0.000000
v 1.355000 0.000000 0.000000
v 1.761000 0.000000 0.000000
v 1.761000 0.088000 0.000000
v 1.453000 0.088000 0.000000
v 2.241000 0.341000 0.000000
v 2.239192 0.392001 0.000000
v 2.233871 0.439843 0.000000
v 2.225188 0.484281 0.000000
v 2.213296 0.525074 0.000000
v 2.198350 0.561978 0.000000
v 2.180500 0.594750 0.000000
v 2.159901 0.623147 0.000000
v 2.136704 0.646926 0.000000
v 2.111063 0.665844 0.000000
v 2.083130 0.679658 0.000000
v 2.053058 0.688124 0.000000
v 2.021000 0.691000 0.000000
v 1.988942 0.688124 0.000000
v 1.958870 0.679657 0.000000
v 1.930937 0.665844 0.000000
v 1.905296 0.646926 0.000000
v 1.882100 0.623147 0.000000
v 1.861500 0.594750 0.000000
v 1.843650 0.561978 0.000000
v 1.828704 0.525074 0.000000
v 1.816813 0.484281 0.000000
v 1.808130 0.439843 0.000000
v 1.802808 0.392001 0.000000
v 1.801000 0.341000 0.000000
v 1.802808 0.289999 0.000000
v 1.808130 0.242157 0.000000
v 1.816813 0.197719 0.000000
v 1.828704 0.156926 0.000000
v 1.843651 0.120022 0.000000
v 1.861500 0.087250 0.000000
v 1.882100 0.058853 0.000000
v 1.905296 0.035074 0.000000
v 1.930938 0.016156 0.000000
v 1.958870 0.002343 0.000000
v 1.988942 -0.006124 -0.000000
v 2.021000 -0.009000 -0.000000
v 2.053058 -0.006124 -0.000000
v 2.083130 0.002343 0.000000
v 2.111063 0.016156 0.000000
v 2.136704 0.035074 0.000000
v 2.159900 0.058853 0.000000
v 2.180500 0.087250 0.000000
v 2.198349 0.120022 0.000000
v 2.213296 0.156926 0.000000
v 2.225187 0.197719 0.000000
v 2.233870 0.242157 0.000000
v 2.239192 0.289999 0.000000
v 2.143000 0.341000 0.000000
v 2.142051 0.302332 0.000000
v 2.139241 0.266407 0.000000
v 2.134625 0.233344 0.000000
v 2.128259 0.203259 0.000000
v 2.120199 0.176272 0.000000
v 2.110500 0.152500 0.000000
v 2.099217 0.132061 0.000000
v 2.086407 0.115074 0.000000
v 2.072125 0.101656 0.000000
v 2.056426 0.091926 0.000000
v 2.039365 0.086001 0.000000
v 2.021000 0.084000 0.000000
v 2.002634 0.086001 0.000000
v 1.985574 0.091926 0.000000
v 1.969875 0.101656 0.000000
v 1.955593 0.115074 0.000000
v 1.942783 0.132061 0.000000
v 1.931500 0.152500 0.000000
v 1.921801 0.176272 0.000000
v 1.913741 0.203259 0.000000
v 1.907375 0.233344 0.000000
v 1.902759 0.266407 0.000000
v 1.899949 0.302332 0.000000
v 1.899000 0.341000 0.000000
v 1.899949 0.379668 0.000000
v 1.902759 0.415593 0.000000
v 1.907375 0.448656 0.000000
v 1.913741 0.478741 0.000000
v 1.921801 0.505728 0.000000
v 1.931500 0.529500 0.000000
v 1.942783 0.549939 0.000000
v 1.955593 0.566926 0.000000
v 1.969875 0.580344 0.000000
v 1.985574 0.590074 0.000000
v 2.002634 0.595999 0.000000
v 2.021000 0.598000 0.000000
v 2.039366 0.595999 0.000000
v 2.056426 0.590074 0.000000
v 2.072125 0.580344 0.000000
v 2.086408 0.566926 0.000000
v 2.099218 0.549939 0.000000
v 2.110500 0.529500 0.000000
v 2.120199 0.505728 0.000000
v 2.128260 0.478741 0.000000
v 2.134625 0.448656 0.000000
v 2.139241 0.415593 0.000000
v 2.142051 0.379668 0.000000
v 2.571000 0.682000 0.000000
v 2.473000 0.682000 0.000000
v 2.473000 0.000000 0.000000
v 2.571000 0.000000 0.000000
v 3.237000 0.093000 0.000000
v 2.976000 0.093000 0.000000
v 3.012102 0.136478 0.000000
v 3.044481 0.176657 0.000000
v 3.073250 0.213906 0.000000
v 3.098518 0.248593 0.000000
v 3.120398 0.281085 0.000000
v 3.139000 0.311750 0.000000
v 3.154435 0.340957 0.000000
v 3.166815 0.369074 0.000000
v 3.176250 0.396469 0.000000
v 3.182852 0.423509 0.000000
v 3.186731 0.450564 0.000000
v 3.188000 0.478000 0.000000
v 3.186256 0.508660 0.000000
v 3.181134 0.537528 0.000000
v 3.172797 0.564438 0.000000
v 3.161407 0.589222 0.000000
v 3.147129 0.611715 0.000000
v 3.130125 0.631750 0.000000
v 3.110558 0.649160 0.000000
v 3.088593 0.663778 0.000000
v 3.064391 0.675438 0.000000
v 3.038116 0.683972 0.000000
v 3.009931 0.689215 0.000000
v 2.980000 0.691000 0.000000
v 2.966329 0.690561 0.000000
v 2.952796 0.689241 0.000000
v 2.939375 0.687031 0.000000
v 2.926037 0.683926 0.000000
v 2.912754 0.679918 0.000000
v 2.899500 0.675000 0.000000
v 2.886245 0.669166 0.000000
v 2.872963 0.662407 0.000000
v 2.859625 0.654719 0.000000
v 2.846204 0.646093 0.000000
v 2.832671 0.636522 0.000000
v 2.819000 0.626000 0.000000
v 2.819000 0.503000 0.000000
v 2.832648 0.519515 0.000000
v 2.846102 0.534120 0.000000
v 2.859375 0.546906 0.000000
v 2.872482 0.557963 0.000000
v 2.885435 0.567381 0.000000
v 2.898250 0.575250 0.000000
v 2.910940 0.581661 0.000000
v 2.923519 0.586704 0.000000
v 2.936000 0.590469 0.000000
v 2.948398 0.593046 0.000000
v 2.960727 0.594527 0.000000
v 2.973000 0.595000 0.000000
v 2.989377 0.593914 0.000000
v 3.004930 0.590727 0.000000
v 3.019547 0.585547 0.000000
v 3.033111 0.578481 0.000000
v 3.045509 0.569638 0.000000
v 3.056625 0.559125 0.000000
v 3.066345 0.547049 0.000000
v 3.074556 0.533518 0.000000
v 3.081141 0.518641 0.000000
v 3.085986 0.502523 0.000000
v 3.088977 0.485274 0.000000
v 3.090000 0.467000 0.000000
v 3.089670 0.453202 0.000000
v 3.088678 0.440206 0.000000
v 3.087023 0.427861 0.000000
v 3.084703 0.416016 0.000000
v 3.081717 0.404517 0.000000
v 3.078062 0.393214 0.000000
v 3.073737 0.381954 0.000000
v 3.068740 0.370587 0.000000
v 3.063070 0.358959 0.000000
v 3.056724 0.346920 0.000000
v 3.049702 0.334318 0.000000
v 3.042000 0.321000 0.000000
v 3.026585 0.295763 0.000000
v 3.009514 0.269685 0.000000
v 2.991047 0.242969 0.000000
v 2.971444 0.215815 0.000000
v 2.950967 0.188425 0.000000
v 2.929875 0.161000 0.000000
v 2.908428 0.133742 0.000000
v 2.886889 0.106852 0.000000
v 2.865515 0.080531 0.000000
v 2.844569 0.054981 0.000000
v 2.824310 0.030404 0.000000
v 2.805000 0.007000 0.000000
v 2.805000 0.000000 0.000000
v 3.237000 0.000000 0.000000
v 3.352000 0.569000 0.264937
v 3.363449 0.573982 0.264937
v 3.374343 0.578440 0.264937
v 3.384750 0.582391 0.264937
v 3.394741 0.585852 0.264937
v 3.404384 0.588841 0.264937
v 3.413750 0.591375 0.264937
v 3.422908 0.593472 0.264937
v 3.431926 0.595148 0.264937
v 3.440875 0.596422 0.264937
v 3.449824 0.597310 0.264937
v 3.458843 0.597830 0.264937
v 3.468000 0.598000 0.264937
v 3.485447 0.597196 0.264937
v 3.501741 0.594819 0.264937
v 3.516813 0.590922 0.264937
v 3.530593 0.585556 0.264937
v 3.543012 0.578773 0.264937
v 3.554000 0.570625 0.264937
v 3.563488 0.561165 0.264937
v 3.571408 0.550444 0.264937
v 3.577688 0.538516 0.264937
v 3.582259 0.525431 0.264937
v 3.585053 0.511241 0.264937
v 3.586000 0.496000 0.264937
v 3.585063 0.481028 0.264937
v 3.582250 0.467139 0.264937
v 3.577563 0.454375 0.264937
v 3.571000 0.442778 0.264937
v 3.562563 0.432389 0.264937
v 3.552250 0.423250 0.264937
v 3.540063 0.415403 0.264937
v 3.526000 0.408889 0.264937
v 3.510063 0.403750 0.264937
v 3.492250 0.400028 0.264937
v 3.472563 0.397764 0.264937
v 3.451000 0.397000 0.264937
v 3.451000 0.307000 0.264937
v 3.474249 0.307087 0.264937
v 3.495495 0.304944 0.264937
v 3.514734 0.300719 0.264937
v 3.531963 0.294556 0.264937
v 3.547178 0.286601 0.264937
v 3.560375 0.277000 0.264937
v 3.571552 0.265899 0.264937
v 3.580704 0.253444 0.264937
v 3.587828 0.239781 0.264937
v 3.592921 0.225056 0.264937
v 3.595980 0.209413 0.264937
v 3.597000 0.193000 0.264937
v 3.596115 0.176991 0.264937
v 3.593505 0.162009 0.264937
v 3.589234 0.148125 0.264937
v 3.583370 0.135407 0.264937
v 3.575979 0.123926 0.264937
v 3.567125 0.113750 0.264937
v 3.556876 0.104949 0.264937
v 3.545296 0.097593 0.264937
v 3.532453 0.091750 0.264937
v 3.518412 0.087491 0.264937
v 3.503239 0.084884 0.264937
v 3.487000 0.084000 0.264937
v 3.474499 0.084355 0.264937
v 3.461991 0.085421 0.264937
v 3.449469 0.087203 0.264937
v 3.436926 0.089704 0.264937
v 3.424355 0.092926 0.264937
v 3.411750 0.096875 0.264937
v 3.399103 0.101553 0.264937
v 3.386407 0.106963 0.264937
v 3.373656 0.113109 0.264937
v 3.360842 0.119995 0.264937
v 3.347959 0.127624 0.264937
v 3.335000 0.136000 0.264937
v 3.335000 0.030000 0.264937
v 3.347249 0.023981 0.264937
v 3.359490 0.018431 0.264937
v 3.371718 0.013359 0.264937
v 3.383926 0.008778 0.264937
v 3.396105 0.004696 0.264937
v 3.408250 0.001125 0.264937
v 3.420353 -0.001925 0.264937
v 3.432407 -0.004444 0.264937
v 3.444406 -0.006422 0.264937
v 3.456343 -0.007847 0.264937
v 3.468210 -0.008710 0.264937
v 3.480000 -0.009000 0.264937
v 3.510699 -0.007257 0.264937
v 3.539676 -0.002139 0.264937
v 3.566750 0.006187 0.264937
v 3.591741 0.017556 0.264937
v 3.614468 0.031799 0.264937
v 3.634750 0.048750 0.264937
v 3.652408 0.068243 0.264937
v 3.667259 0.090111 0.264937
v 3.679125 0.114187 0.264937
v 3.687824 0.140306 0.264937
v 3.693176 0.168299 0.264937
v 3.695000 0.198000 0.264937
v 3.694370 0.215491 0.264937
v 3.692463 0.232847 0.264937
v 3.689250 0.249891 0.264937
v 3.684704 0.266444 0.264937
v 3.678796 0.282332 0.264937
v 3.671500 0.297375 0.264937
v 3.662787 0.311398 0.264937
v 3.652630 0.324222 0.264937
v 3.641000 0.335672 0.264937
v 3.627870 0.345569 0.264937
v 3.613213 0.353738 0.264937
v 3.597000 0.360000 0.264937
v 3.611736 0.368701 0.264937
v 3.624972 0.377861 0.264937
v 3.636750 0.387563 0.264937
v 3.647111 0.397889 0.264937
v 3.656097 0.408924 0.264937
v 3.663750 0.420750 0.264937
v 3.670111 0.433451 0.264937
v 3.675222 0.447111 0.264937
v 3.679125 0.461813 0.264937
v 3.681861 0.477639 0.264937
v 3.683472 0.494674 0.264937
v 3.684000 0.513000 0.264937
v 3.682375 0.539190 0.264937
v 3.677583 0.563685 0.264937
v 3.669750 0.586375 0.264937
v 3.659000 0.607148 0.264937
v 3.645458 0.625894 0.264937
v 3.629250 0.642500 0.264937
v 3.610500 0.656857 0.264937
v 3.589333 0.668852 0.264937
v 3.565875 0.678375 0.264937
v 3.540250 0.685315 0.264937
v 3.512583 0.689560 0.264937
v 3.483000 0.691000 0.264937
v 3.470492 0.690811 0.264937
v 3.458435 0.690241 0.264937
v 3.446781 0.689281 0.264937
v 3.435481 0.687926 0.264937
v 3.424487 0.686168 0.264937
v 3.413750 0.684000 0.264937
v 3.403221 0.681415 0.264937
v 3.392852 0.678407 0.264937
v 3.382593 0.674969 0.264937
v 3.372398 0.671093 0.264937
v 3.362216 0.666772 0.264937
v 3.352000 0.662000 0.264937
v 0.399000 0.643000 0.264937
v 0.386919 0.650667 0.264937
v 0.374685 0.657667 0.264937
v 0.362313 0.664000 0.264937
v 0.349815 0.669667 0.264937
v 0.337206 0.674667 0.264937
v 0.324500 0.679000 0.264937
v 0.311711 0.682667 0.264937
v 0.298852 0.685667 0.264937
v 0.285938 0.688000 0.264937
v 0.272981 0.689667 0.264937
v 0.259998 0.690667 0.264937
v 0.247000 0.691000 0.264937
v 0.216668 0.689539 0.264937
v 0.188264 0.685227 0.264937
v 0.161922 0.678172 0.264937
v 0.137778 0.668482 0.264937
v 0.115967 0.656263 0.264937
v 0.096625 0.641625 0.264937
v 0.079887 0.624674 0.264937
v 0.065889 0.605519 0.264937
v 0.054766 0.584266 0.264937
v 0.046653 0.561023 0.264937
v 0.041686 0.535899 0.264937
v 0.040000 0.509000 0.264937
v 0.045804 0.465641 0.264937
v 0.061852 0.428380 0.264937
v 0.086094 0.396187 0.264937
v 0.116481 0.368037 0.264937
v 0.150966 0.342900 0.264937
v 0.187500 0.319750 0.264937
v 0.224034 0.297558 0.264937
v 0.258519 0.275296 0.264937
v 0.288906 0.251937 0.264937
v 0.313148 0.226454 0.264937
v 0.329196 0.197817 0.264937
v 0.335000 0.165000 0.264937
v 0.334267 0.155325 0.264937
v 0.332056 0.145435 0.264937
v 0.328344 0.135531 0.264937
v 0.323111 0.125815 0.264937
v 0.316337 0.116487 0.264937
v 0.308000 0.107750 0.264937
v 0.298080 0.099804 0.264937
v 0.286556 0.092852 0.264937
v 0.273406 0.087094 0.264937
v 0.258611 0.082731 0.264937
v 0.242149 0.079966 0.264937
v 0.224000 0.079000 0.264937
v 0.207339 0.079726 0.264937
v 0.190875 0.081889 0.264937
v 0.174641 0.085469 0.264937
v 0.158667 0.090444 0.264937
v 0.142984 0.096795 0.264937
v 0.127625 0.104500 0.264937
v 0.112620 0.113538 0.264937
v 0.098000 0.123889 0.264937
v 0.083797 0.135531 0.264937
v 0.070042 0.148444 0.264937
v 0.056766 0.162608 0.264937
v 0.044000 0.178000 0.264937
v 0.044000 0.054000 0.264937
v 0.058319 0.043727 0.264937
v 0.072801 0.034403 0.264937
v 0.087484 0.026016 0.264937
v 0.102407 0.018556 0.264937
v 0.117608 0.012012 0.264937
v 0.133125 0.006375 0.264937
v 0.148996 0.001634 0.264937
v 0.165259 -0.002222 0.264937
v 0.181953 -0.005203 0.264937
v 0.199116 -0.007319 0.264937
v 0.216785 -0.008582 0.264937
v 0.235000 -0.009000 0.264937
v 0.261866 -0.007403 0.264937
v 0.287343 -0.002727 0.264937
v 0.311250 0.004859 0.264937
v 0.333407 0.015185 0.264937
v 0.353634 0.028080 0.264937
v 0.371750 0.043375 0.264937
v 0.387574 0.060899 0.264937
v 0.400926 0.080481 0.264937
v 0.411625 0.101953 0.264937
v 0.419491 0.125144 0.264937
v 0.424343 0.149883 0.264937
v 0.426000 0.176000 0.264937
v 0.420196 0.225891 0.264937
v 0.404148 0.267880 0.264937
v 0.379906 0.303187 0.264937
v 0.349519 0.333037 0.264937
v 0.315034 0.358650 0.264937
v 0.278500 0.381250 0.264937
v 0.241966 0.402058 0.264937
v 0.207482 0.422296 0.264937
v 0.177094 0.443187 0.264937
v 0.152852 0.465954 0.264937
v 0.136804 0.491817 0.264937
v 0.131000 0.522000 0.264937
v 0.131922 0.533677 0.264937
v 0.134625 0.544667 0.264937
v 0.139016 0.554906 0.264937
v 0.145000 0.564333 0.264937
v 0.152484 0.572885 0.264937
v 0.161375 0.580500 0.264937
v 0.171578 0.587115 0.264937
v 0.183000 0.592667 0.264937
v 0.195547 0.597094 0.264937
v 0.209125 0.600333 0.264937
v 0.223641 0.602323 0.264937
v 0.239000 0.603000 0.264937
v 0.250704 0.602653 0.264937
v 0.262796 0.601560 0.264937
v 0.275250 0.599641 0.264937
v 0.288037 0.596815 0.264937
v 0.301130 0.593003 0.264937
v 0.314500 0.588125 0.264937
v 0.328120 0.582101 0.264937
v 0.341963 0.574852 0.264937
v 0.356000 0.566297 0.264937
v 0.370204 0.556357 0.264937
v 0.384546 0.544951 0.264937
v 0.399000 0.532000 0.264937
v 0.503000 0.341000 0.264937
v 0.505903 0.295251 0.264937
v 0.514477 0.250838 0.264937
v 0.528516 0.208266 0.264937
v 0.547815 0.168037 0.264937
v 0.572170 0.130656 0.264937
v 0.601375 0.096625 0.264937
v 0.635226 0.066448 0.264937
v 0.673519 0.040630 0.264937
v 0.716047 0.019672 0.264937
v 0.762607 0.004079 0.264937
v 0.812993 -0.005646 0.264937
v 0.867000 -0.009000 0.264937
v 0.922786 -0.005627 0.264937
v 0.974542 0.004148 0.264937
v 1.022109 0.019812 0.264937
v 1.065333 0.040852 0.264937
v 1.104057 0.066752 0.264937
v 1.138125 0.097000 0.264937
v 1.167380 0.131081 0.264937
v 1.191667 0.168481 0.264937
v 1.210828 0.208687 0.264937
v 1.224709 0.251185 0.264937
v 1.233151 0.295461 0.264937
v 1.236000 0.341000 0.264937
v 1.233076 0.387800 0.264937
v 1.224440 0.432898 0.264937
v 1.210297 0.475844 0.264937
v 1.190852 0.516185 0.264937
v 1.166310 0.553471 0.264937
v 1.136875 0.587250 0.264937
v 1.102753 0.617071 0.264937
v 1.064148 0.642482 0.264937
v 1.021266 0.663031 0.264937
v 0.974310 0.678269 0.264937
v 0.923487 0.687742 0.264937
v 0.869000 0.691000 0.264937
v 0.815373 0.687723 0.264937
v 0.765153 0.678199 0.264937
v 0.718578 0.662891 0.264937
v 0.675889 0.642259 0.264937
v 0.637325 0.616767 0.264937
v 0.603125 0.586875 0.264937
v 0.573530 0.553046 0.264937
v 0.548778 0.515741 0.264937
v 0.529109 0.475422 0.264937
v 0.514764 0.432551 0.264937
v 0.505981 0.387590 0.264937
v 0.604000 0.341000 0.264937
v 0.606311 0.377626 0.264937
v 0.613074 0.412343 0.264937
v 0.624031 0.444906 0.264937
v 0.638926 0.475074 0.264937
v 0.657501 0.502603 0.264937
v 0.679500 0.527250 0.264937
v 0.704666 0.548772 0.264937
v 0.732741 0.566926 0.264937
v 0.763469 0.581469 0.264937
v 0.796593 0.592157 0.264937
v 0.831855 0.598749 0.264937
v 0.869000 0.601000 0.264937
v 0.906375 0.598749 0.264937
v 0.941829 0.592157 0.264937
v 0.975109 0.581469 0.264937
v 1.005963 0.566926 0.264937
v 1.034136 0.548772 0.264937
v 1.059375 0.527250 0.264937
v 1.081427 0.502603 0.264937
v 1.100037 0.475074 0.264937
v 1.114953 0.444906 0.264937
v 1.125921 0.412343 0.264937
v 1.132688 0.377626 0.264937
v 1.135000 0.341000 0.264937
v 1.132688 0.304584 0.264937
v 1.125921 0.270005 0.264937
v 1.114953 0.237516 0.264937
v 1.100037 0.207370 0.264937
v 1.081427 0.179822 0.264937
v 1.059375 0.155125 0.264937
v 1.034136 0.133532 0.264937
v 1.005963 0.115296 0.264937
v 0.975110 0.100672 0.264937
v 0.941829 0.089912 0.264937
v 0.906375 0.083270 0.264937
v 0.869000 0.081000 0.264937
v 0.831855 0.083270 0.264937
v 0.796593 0.089912 0.264937
v 0.763469 0.100672 0.264937
v 0.732741 0.115296 0.264937
v 0.704665 0.133532 0.264937
v 0.679500 0.155125 0.264937
v 0.657501 0.179822 0.264937
v 0.638926 0.207370 0.264937
v 0.624031 0.237516 0.264937
v 0.613074 0.270005 0.264937
v 0.606311 0.304584 0.264937
v 1.453000 0.682000 0.264937
v 1.355000 0.682000 0.264937
v 1.355000 -0.000000 0.264937
v 1.761000 -0.000000 0.264937
v 1.761000 0.088000 0.264937
v 1.453000 0.088000 0.264937
v 2.241000 0.341000 0.264937
v 2.239192 0.392001 0.264937
v 2.233871 0.439843 0.264937
v 2.225188 0.484281 0.264937
v 2.213296 0.525074 0.264937
v 2.198350 0.561978 0.264937
v 2.180500 0.594750 0.264937
v 2.159901 0.623147 0.264937
v 2.136704 0.646926 0.264937
v 2.111063 0.665844 0.264937
v 2.083130 0.679658 0.264937
v 2.053058 0.688124 0.264937
v 2.021000 0.691000 0.264937
v 1.988942 0.688124 0.264937
v 1.958870 0.679657 0.264937
v 1.930937 0.665844 0.264937
v 1.905296 0.646926 0.264937
v 1.882100 0.623147 0.264937
v 1.861500 0.594750 0.264937
v 1.843650 0.561978 0.264937
v 1.828704 0.525074 0.264937
v 1.816813 0.484281 0.264937
v 1.808130 0.439843 0.264937
v 1.802808 0.392001 0.264937
v 1.801000 0.341000 0.264937
v 1.802808 0.289999 0.264937
v 1.808130 0.242157 0.264937
v 1.816813 0.197719 0.264937
v 1.828704 0.156926 0.264937
v 1.843651 0.120022 0.264937
v 1.861500 0.087250 0.264937
v 1.882100 0.058853 0.264937
v 1.905296 0.035074 0.264937
v 1.930938 0.016156 0.264937
v 1.958870 0.002343 0.264937
v 1.988942 -0.006124 0.264937
v 2.021000 -0.009000 0.264937
v 2.053058 -0.006124 0.264937
v 2.083130 0.002343 0.264937
v 2.111063 0.016156 0.264937
v 2.136704 0.035074 0.264937
v 2.159900 0.058853 0.264937
v 2.180500 0.087250 0.264937
v 2.198349 0.120022 0.264937
v 2.213296 0.156926 0.264937
v 2.225187 0.197719 0.264937
v 2.233870 0.242157 0.264937
v 2.239192 0.289999 0.264937
v 2.143000 0.341000 0.264937
v 2.142051 0.302332 0.264937
v 2.139241 0.266407 0.264937
v 2.134625 0.233344 0.264937
v 2.128259 0.203259 0.264937
v 2.120199 0.176272 0.264937
v 2.110500 0.152500 0.264937
v 2.099217 0.132061 0.264937
v 2.086407 0.115074 0.264937
v 2.072125 0.101656 0.264937
v 2.056426 0.091926 0.264937
v 2.039365 0.086001 0.264937
v 2.021000 0.084000 0.264937
v 2.002634 0.086001 0.264937
v 1.985574 0.091926 0.264937
v 1.969875 0.101656 0.264937
v 1.955593 0.115074 0.264937
v 1.942783 0.132061 0.264937
v 1.931500 0.152500 0.264937
v 1.921801 0.176272 0.264937
v 1.913741 0.203259 0.264937
v 1.907375 0.233344 0.264937
v 1.902759 0.266407 0.264937
v 1.899949 0.302332 0.264937
v 1.899000 0.341000 0.264937
v 1.899949 0.379668 0.264937
v 1.902759 0.415593 0.264937
v 1.907375 0.448656 0.264937
v 1.913741 0.478741 0.264937
v 1.921801 0.505728 0.264937
v 1.931500 0.529500 0.264937
v 1.942783 0.549939 0.264937
v 1.955593 0.566926 0.264937
v 1.969875 0.580344 0.264937
v 1.985574 0.590074 0.264937
v 2.002634 0.595999 0.264937
v 2.021000 0.598000 0.264937
v 2.039366 0.595999 0.264937
v 2.056426 0.590074 0.264937
v 2.072125 0.580344 0.264937
v 2.086408 0.566926 0.264937
v 2.099218 0.549939 0.264937
v 2.110500 0.529500 0.264937
v 2.120199 0.505728 0.264937
v 2.128260 0.478741 0.264937
v 2.134625 0.448656 0.264937
v 2.139241 0.415593 0.264937
v 2.142051 0.379668 0.264937
v 2.571000 0.682000 0.264937
v 2.473000 0.682000 0.264937
v 2.473000 -0.000000 0.264937
v 2.571000 -0.000000 0.264937
v 3.237000 0.093000 0.264937
v 2.976000 0.093000 0.264937
v 3.012102 0.136478 0.264937
v 3.044481 0.176657 0.264937
v 3.073250 0.213906 0.264937
v 3.098518 0.248593 0.264937
v 3.120398 0.281085 0.264937
v 3.139000 0.311750 0.264937
v 3.154435 0.340957 0.264937
v 3.166815 0.369074 0.264937
v 3.176250 0.396469 0.264937
v 3.182852 0.423509 0.264937
v 3.186731 0.450564 0.264937
v 3.188000 0.478000 0.264937
v 3.186256 0.508660 0.264937
v 3.181134 0.537528 0.264937
v 3.172797 0.564438 0.264937
v 3.161407 0.589222 0.264937
v 3.147129 0.611715 0.264937
v 3.130125 0.631750 0.264937
v 3.110558 0.649160 0.264937
v 3.088593 0.663778 0.264937
v 3.064391 0.675438 0.264937
v 3.038116 0.683972 0.264937
v 3.009931 0.689215 0.264937
v 2.980000 0.691000 0.264937
v 2.966329 0.690561 0.264937
v 2.952796 0.689241 0.264937
v 2.939375 0.687031 0.264937
v 2.926037 0.683926 0.264937
v 2.912754 0.679918 0.264937
v 2.899500 0.675000 0.264937
v 2.886245 0.669166 0.264937
v 2.872963 0.662407 0.264937
v 2.859625 0.654719 0.264937
v 2.846204 0.646093 0.264937
v 2.832671 0.636522 0.264937
v 2.819000 0.626000 0.264937
v 2.819000 0.503000 0.264937
v 2.832648 0.519515 0.264937
v 2.846102 0.534120 0.264937
v 2.859375 0.546906 0.264937
v 2.872482 0.557963 0.264937
v 2.885435 0.567381 0.264937
v 2.898250 0.575250 0.264937
v 2.910940 0.581661 0.264937
v 2.923519 0.586704 0.264937
v 2.936000 0.590469 0.264937
v 2.948398 0.593046 0.264937
v 2.960727 0.594527 0.264937
v 2.973000 0.595000 0.264937
v 2.989377 0.593914 0.264937
v 3.004930 0.590727 0.264937
v 3.019547 0.585547 0.264937
v 3.033111 0.578481 0.264937
v 3.045509 0.569638 0.264937
v 3.056625 0.559125 0.264937
v 3.066345 0.547049 0.264937
v 3.074556 0.533518 0.264937
v 3.081141 0.518641 0.264937
v 3.085986 0.502523 0.264937
v 3.088977 0.485274 0.264937
v 3.090000 0.467000 0.264937
v 3.089670 0.453202 0.264937
v 3.088678 0.440206 0.264937
v 3.087023 0.427861 0.264937
v 3.084703 0.416016 0.264937
v 3.081717 0.404517 0.264937
v 3.078062 0.393214 0.264937
v 3.073737 0.381954 0.264937
v 3.068740 0.370587 0.264937
v 3.063070 0.358959 0.264937
v 3.056724 0.346920 0.264937
v 3.049702 0.334318 0.264937
v 3.042000 0.321000 0.264937
v 3.026585 0.295763 0.264937
v 3.009514 0.269685 0.264937
v 2.991047 0.242969 0.264937
v 2.971444 0.215815 0.264937
v 2.950967 0.188425 0.264937
v 2.929875 0.161000 0.264937
v 2.908428 0.133742 0.264937
v 2.886889 0.106852 0.264937
v 2.865515 0.080531 0.264937
v 2.844569 0.054981 0.264937
v 2.824310 0.030404 0.264937
v 2.805000 0.007000 0.264937
v 2.805000 -0.000000 0.264937
v 3.237000 -0.000000 0.264937
vn -0.0000 -0.0000 -1.0000
vn -0.0000 -0.0000 1.0000
vn -0.0000 0.0001 1.0000
vn -0.0000 -0.0001 1.0000
vn 0.9769 -0.2137 -0.0000
vn 0.9912 -0.1324 -0.0000
vn 0.9717 -0.2361 -0.0000
vn 0.9885 -0.1513 -0.0000
vn 0.9956 -0.0942 -0.0000
vn 1.0000 0.0053 -0.0000
vn -0.2047 0.9788 -0.0000
vn -0.3162 0.9487 -0.0000
vn -0.9973 -0.0730 -0.0000
vn -0.9885 -0.1513 -0.0000
vn 0.5164 0.8564 -0.0000
vn 0.4763 0.8793 -0.0000
vn -0.2586 0.9660 -0.0000
vn -0.2983 0.9545 -0.0000
vn -0.1385 0.9904 -0.0000
vn -0.1779 0.9840 -0.0000
vn -0.3587 -0.9335 -0.0000
vn -0.1810 -0.9835 -0.0000
vn -1.0000 -0.0000 -0.0000
vn 0.7647 -0.6444 -0.0000
vn 0.8456 -0.5339 -0.0000
vn 0.2515 0.9679 -0.0000
vn 0.2026 0.9793 -0.0000
vn -0.9040 0.4275 -0.0000
vn -0.9447 0.3280 -0.0000
vn -0.4766 0.8791 -0.0000
vn -0.5202 0.8540 -0.0000
vn 0.1022 0.9948 -0.0000
vn 0.0512 0.9987 -0.0000
vn 0.6569 -0.7540 -0.0000
vn -0.0312 0.9995 -0.0000
vn -0.0647 0.9979 -0.0000
vn 0.2196 0.9756 -0.0000
vn 0.4301 0.9028 -0.0000
vn -0.5474 0.8369 -0.0000
vn -0.6592 0.7519 -0.0000
vn -0.5272 -0.8497 -0.0000
vn -0.5308 -0.8475 -0.0000
vn -0.6088 0.7933 -0.0000
vn -0.4301 0.9028 -0.0000
vn -0.0000 -1.0000 -0.0000
vn -0.9941 0.1082 -0.0000
vn -0.9850 0.1727 -0.0000
vn -0.8648 -0.5021 -0.0000
vn -0.7422 -0.6702 -0.0000
vn -0.9917 0.1285 -0.0000
vn -0.9994 -0.0352 -0.0000
vn 0.3909 0.9204 -0.0000
vn 0.3458 0.9383 -0.0000
vn -0.6690 -0.7433 -0.0000
vn -0.8047 -0.5937 -0.0000
vn -0.7443 0.6679 -0.0000
vn 0.9022 0.4313 -0.0000
vn 0.9432 0.3324 -0.0000
vn -0.9105 0.4135 -0.0000
vn -0.8467 0.5321 -0.0000
vn 0.9339 0.3575 -0.0000
vn 0.8785 0.4778 -0.0000
vn -0.9691 0.2468 -0.0000
vn 0.0870 0.9962 -0.0000
vn 0.1730 0.9849 -0.0000
vn 0.9432 -0.3324 -0.0000
vn 0.9022 -0.4313 -0.0000
vn 0.6716 -0.7409 -0.0000
vn 0.7417 -0.6708 -0.0000
vn -0.8490 0.5283 -0.0000
vn -0.9175 0.3977 -0.0000
vn -0.2246 0.9744 -0.0000
vn -0.1096 0.9940 -0.0000
vn 0.9987 -0.0513 -0.0000
vn 0.9941 -0.1082 -0.0000
vn 0.5473 0.8370 -0.0000
vn 0.6063 0.7953 -0.0000
vn -0.9850 -0.1727 -0.0000
vn -0.9941 -0.1082 -0.0000
vn -0.6758 0.7371 -0.0000
vn -0.5721 0.8202 -0.0000
vn -0.7443 -0.6679 -0.0000
vn -0.8391 -0.5441 -0.0000
vn 0.9691 0.2468 -0.0000
vn -0.5623 -0.8269 -0.0000
vn -0.5189 -0.8549 -0.0000
vn -0.9022 -0.4313 -0.0000
vn 0.8642 -0.5032 -0.0000
vn 0.9250 -0.3799 -0.0000
vn -0.9988 -0.0497 -0.0000
vn -0.9891 0.1473 -0.0000
vn 0.9312 -0.3646 -0.0000
vn 0.9595 -0.2817 -0.0000
vn 0.7074 0.7068 -0.0000
vn 0.7500 0.6614 -0.0000
vn -0.4270 -0.9042 -0.0000
vn -0.3981 -0.9174 -0.0000
vn -0.4214 -0.9069 -0.0000
vn -0.3686 -0.9296 -0.0000
vn 0.8190 -0.5738 -0.0000
vn 0.8425 -0.5387 -0.0000
vn -0.0968 -0.9953 -0.0000
vn -0.0471 -0.9989 -0.0000
vn 0.1202 -0.9928 -0.0000
vn 0.2420 -0.9703 -0.0000
vn 0.7999 -0.6001 -0.0000
vn 0.2196 -0.9756 -0.0000
vn 0.8626 -0.5058 -0.0000
vn 0.9231 -0.3845 -0.0000
vn 0.0137 0.9999 -0.0000
vn -0.0646 0.9979 -0.0000
vn 0.4952 0.8688 -0.0000
vn 0.3723 0.9281 -0.0000
vn 0.3367 0.9416 -0.0000
vn 0.4122 0.9111 -0.0000
vn 0.9933 0.1159 -0.0000
vn 0.9718 0.2358 -0.0000
vn 0.6274 0.7787 -0.0000
vn 0.7737 0.6335 -0.0000
vn 0.5617 0.8274 -0.0000
vn 0.5106 0.8598 -0.0000
vn 0.8854 0.4648 -0.0000
vn 0.7661 0.6427 -0.0000
vn 0.6109 0.7917 -0.0000
vn 0.6696 -0.7427 -0.0000
vn 0.6168 -0.7871 -0.0000
vn 0.9985 0.0556 -0.0000
vn 0.9872 -0.1593 -0.0000
vn 0.3668 -0.9303 -0.0000
vn 0.3412 -0.9400 -0.0000
vn -0.2586 -0.9660 -0.0000
vn -0.2033 -0.9791 -0.0000
vn -0.3185 0.9479 -0.0000
vn -0.3755 0.9268 -0.0000
vn -0.2478 -0.9688 -0.0000
vn -0.3113 -0.9503 -0.0000
vn 0.2787 -0.9604 -0.0000
vn 0.2422 -0.9702 -0.0000
vn 0.1615 -0.9869 -0.0000
vn 0.0789 -0.9969 -0.0000
vn 0.2828 -0.9592 -0.0000
vn 0.1842 -0.9829 -0.0000
vn 0.5986 -0.8011 -0.0000
vn 0.4915 -0.8709 -0.0000
vn -0.4283 0.9036 -0.0000
vn 0.0900 -0.9959 -0.0000
vn 0.0072 -1.0000 -0.0000
vn -0.5938 0.8046 -0.0000
vn -0.6099 0.7925 -0.0000
vn 0.8845 -0.4665 -0.0000
vn 0.8007 -0.5990 -0.0000
vn 0.1619 -0.9868 -0.0000
vn 0.1199 -0.9928 -0.0000
vn -0.6136 -0.7896 -0.0000
vn -0.5017 -0.8650 -0.0000
vn 1.0000 -0.0000 -0.0000
vn -0.0138 -0.9999 -0.0000
vn -0.1338 -0.9910 -0.0000
vn -0.5472 -0.8370 -0.0000
vn -0.5982 -0.8014 -0.0000
vn -0.9170 -0.3989 -0.0000
vn -0.9650 -0.2622 -0.0000
vn -0.8187 -0.5742 -0.0000
vn -0.8865 -0.4627 -0.0000
vn -0.6452 -0.7641 -0.0000
vn -0.2680 -0.9634 -0.0000
vn -0.9945 0.1045 -0.0000
vn -0.9867 0.1626 -0.0000
vn -0.6526 -0.7577 -0.0000
vn -0.7573 -0.6530 -0.0000
vn 0.0381 -0.9993 -0.0000
vn -1.0000 0.0003 -0.0000
vn -0.9914 0.1308 -0.0000
vn -0.7137 -0.7004 -0.0000
vn -0.9751 0.2219 -0.0000
vn -0.9601 0.2796 -0.0000
vn -0.0008 -1.0000 -0.0000
vn 0.1232 -0.9924 -0.0000
vn 0.2497 -0.9683 -0.0000
vn -0.9428 0.3332 -0.0000
vn 0.9921 -0.1251 -0.0000
vn -0.9075 0.4200 -0.0000
vn -0.8262 0.5634 -0.0000
vn 0.0037 -1.0000 -0.0000
vn -0.0484 -0.9988 -0.0000
vn -0.3990 -0.9170 -0.0000
vn -0.5226 -0.8526 -0.0000
vn -0.7893 0.6140 -0.0000
vn -0.7832 0.6218 -0.0000
vn -0.1976 -0.9803 -0.0000
vn -0.3072 -0.9517 -0.0000
vn -0.2762 -0.9611 -0.0000
vn -0.4010 -0.9161 -0.0000
vn -0.8696 0.4937 -0.0000
vn -0.8596 0.5110 -0.0000
vn -0.9678 -0.2519 -0.0000
vn -0.9276 -0.3736 -0.0000
vn -0.7784 0.6278 -0.0000
vn -0.7748 0.6322 -0.0000
vn 0.8700 0.4931 -0.0000
vn 0.7964 0.6048 -0.0000
vn 0.5005 0.8657 -0.0000
vn -0.9247 0.3806 -0.0000
vn -0.9073 0.4204 -0.0000
vn 0.7076 0.7066 -0.0000
vn -0.7725 0.6350 -0.0000
vn -0.3745 0.9272 -0.0000
vn -0.4944 0.8692 -0.0000
vn 0.9684 -0.2494 -0.0000
vn -0.6041 0.7969 -0.0000
vn -0.4820 0.8762 -0.0000
vn -0.6484 -0.7613 -0.0000
vn -0.7575 -0.6528 -0.0000
vn -0.8766 0.4812 -0.0000
vn -0.7997 0.6004 -0.0000
vn -0.1842 -0.9829 -0.0000
vn 0.7130 -0.7012 -0.0000
vn 0.8005 -0.5993 -0.0000
vn -0.9987 -0.0513 -0.0000
vn -0.5954 0.8034 -0.0000
vn -0.4763 0.8793 -0.0000
vn 0.5978 -0.8016 -0.0000
vn 0.4864 -0.8737 -0.0000
vn -0.9935 0.1136 -0.0000
vn -0.9724 0.2333 -0.0000
vn 0.9981 -0.0615 -0.0000
vn -0.9255 0.3787 -0.0000
vn -0.9669 0.2551 -0.0000
vn -0.8679 0.4967 -0.0000
vn 0.4132 0.9106 -0.0000
vn 0.4539 0.8910 -0.0000
vn -0.2498 0.9683 -0.0000
vn -0.2302 0.9731 -0.0000
vn -0.1120 0.9937 -0.0000
vn 0.2737 0.9618 -0.0000
vn 0.3230 0.9464 -0.0000
vn -0.9918 -0.1274 -0.0000
vn -1.0000 0.0002 -0.0000
vn 0.6996 -0.7146 -0.0000
vn -0.7715 0.6362 -0.0000
vn -0.7713 0.6364 -0.0000
vn 0.5263 0.8503 -0.0000
vn 0.5428 0.8399 -0.0000
vn -0.1836 -0.9830 -0.0000
vn -0.1406 -0.9901 -0.0000
vn 0.2465 0.9692 -0.0000
vn 0.1217 0.9926 -0.0000
vn -0.1217 -0.9926 -0.0000
vn -0.2448 -0.9696 -0.0000
vn 0.0002 -1.0000 -0.0000
vn -0.9667 -0.2558 -0.0000
vn -0.0956 -0.9954 -0.0000
vn -0.0486 -0.9988 -0.0000
vn 0.0567 0.9984 -0.0000
vn 0.1130 0.9936 -0.0000
vn 0.9668 -0.2556 -0.0000
vn 0.9243 -0.3817 -0.0000
vn -0.7891 0.6143 -0.0000
vn -0.6996 0.7145 -0.0000
vn 0.3701 0.9290 -0.0000
vn 0.4883 0.8727 -0.0000
vn 0.4119 -0.9112 -0.0000
vn 0.3308 -0.9437 -0.0000
vn 0.5875 -0.8092 -0.0000
vn 0.6929 -0.7211 -0.0000
vn 0.2344 -0.9721 -0.0000
vn 0.3547 -0.9350 -0.0000
vn 0.9743 0.2252 -0.0000
vn 0.9517 0.3070 -0.0000
vn -0.9622 0.2724 -0.0000
vn -0.8644 0.5028 -0.0000
vn -0.3346 -0.9424 -0.0000
vn -0.3000 -0.9539 -0.0000
vn -0.9184 -0.3957 -0.0000
vn -0.9656 -0.2600 -0.0000
vn -0.6986 -0.7155 -0.0000
vn -0.7887 -0.6148 -0.0000
vn 0.8087 -0.5882 -0.0000
vn 0.9973 0.0730 -0.0000
vn 0.9241 0.3821 -0.0000
vn 0.9666 0.2563 -0.0000
vn 0.8758 0.4827 -0.0000
vn 0.8180 0.5753 -0.0000
vn 0.6532 0.7572 -0.0000
vn 0.5457 0.8380 -0.0000
vn 0.8648 0.5022 -0.0000
vn -0.7222 0.6917 -0.0000
vn -0.2464 0.9692 -0.0000
vn -0.1226 0.9925 -0.0000
vn 0.4355 0.9002 -0.0000
vn 0.3194 0.9476 -0.0000
vn 0.7647 0.6444 -0.0000
vn 0.6569 0.7540 -0.0000
vn 0.8456 0.5339 -0.0000
vn -0.6569 0.7540 -0.0000
vn -0.7647 0.6444 -0.0000
vn 0.9919 0.1272 -0.0000
vn 0.9657 0.2598 -0.0000
vn 0.9885 0.1513 -0.0000
vn 0.0782 -0.9969 -0.0000
vn 0.9167 -0.3997 -0.0000
vn 0.9527 -0.3039 -0.0000
vn 0.9818 -0.1898 -0.0000
vn -0.9691 -0.2468 -0.0000
vn 0.5085 -0.8611 -0.0000
vn 0.5391 -0.8422 -0.0000
vn -0.1006 0.9949 -0.0000
vn -0.9885 0.1513 -0.0000
vn -0.9973 0.0730 -0.0000
vn 0.2993 0.9542 -0.0000
vn -0.8456 0.5339 -0.0000
vn -0.6569 -0.7540 -0.0000
vn -0.5205 -0.8539 -0.0000
vn -0.2182 0.9759 -0.0000
vn 0.3587 -0.9335 -0.0000
vn 0.5205 -0.8539 -0.0000
vn 0.1003 0.9950 -0.0000
vn 0.0168 0.9999 -0.0000
vn 0.6952 -0.7188 -0.0000
vn 0.7860 -0.6182 -0.0000
vn 0.1527 0.9883 -0.0000
vn 0.9973 -0.0730 -0.0000
vn 0.8517 0.5240 -0.0000
vn 0.7652 0.6438 -0.0000
vn -0.9650 0.2624 -0.0000
vn -0.4315 0.9021 -0.0000
vn -0.0000 1.0000 -0.0000
vn -0.1810 0.9835 -0.0000
vn -0.8391 0.5441 -0.0000
vn -0.9022 0.4313 -0.0000
vn -0.9987 0.0513 -0.0000
vn -0.3367 0.9416 -0.0000
vn -0.9638 -0.2666 -0.0000
vn -0.9584 0.2853 -0.0000
vn 0.4344 0.9007 -0.0000
vn -0.5764 -0.8172 -0.0000
vn -0.9447 -0.3280 -0.0000
vn -0.9040 -0.4275 -0.0000
vn 0.9941 0.1082 -0.0000
vn 0.9987 0.0513 -0.0000
vn 0.7443 0.6679 -0.0000
vn 0.8391 0.5441 -0.0000
vn -0.0112 0.9999 -0.0000
vn -0.7680 0.6404 -0.0000
vn -1.0000 -0.0034 -0.0000
vn -0.0048 1.0000 -0.0000
vn 0.7443 -0.6679 -0.0000
vn 0.6088 -0.7933 -0.0000
vn -0.1596 0.9872 -0.0000
vn -0.0749 0.9972 -0.0000
vn -0.6354 -0.7722 -0.0000
vn -0.7616 0.6481 -0.0000
vn -0.4717 -0.8817 -0.0000
vn -0.6088 -0.7933 -0.0000
vn 0.6596 0.7516 -0.0000
vn 0.4825 0.8759 -0.0000
vn -0.9418 -0.3362 -0.0000
vn -0.4301 -0.9028 -0.0000
vn 0.4301 -0.9028 -0.0000
vn -0.4598 0.8880 -0.0000
vn 0.7851 -0.6194 -0.0000
vn 0.2566 0.9665 -0.0000
vn 0.9691 -0.2468 -0.0000
vn 0.0182 -0.9998 -0.0000
vn -0.1491 -0.9888 -0.0000
vn -0.4410 -0.8975 -0.0000
vn 0.9918 -0.1282 -0.0000
vn 0.9997 0.0262 -0.0000
vn 0.7740 -0.6332 -0.0000
vn 0.7697 0.6384 -0.0000
vn 0.9712 0.2381 -0.0000
vn 0.8053 0.5929 -0.0000
vn 0.7153 0.6988 -0.0000
vn -0.3140 -0.9494 -0.0000
vn 0.3632 -0.9317 -0.0000
vn 0.9314 0.3641 -0.0000
vn 0.9002 -0.4354 -0.0000
vn 0.6501 0.7599 -0.0000
vn 0.7033 -0.7109 -0.0000
vn -0.1947 0.9809 -0.0000
vn -0.2580 0.9662 -0.0000
vn 0.5561 -0.8311 -0.0000
vn 0.9663 -0.2574 -0.0000
vn -0.1212 -0.9926 -0.0000
vn 0.3117 -0.9502 -0.0000
vn 0.3990 -0.9169 -0.0000
vn 0.3889 -0.9213 -0.0000
vn -0.9379 -0.3470 -0.0000
vn -0.0598 -0.9982 -0.0000
vn -0.5592 0.8290 -0.0000
vn -0.8001 -0.5999 -0.0000
vn 0.4875 -0.8731 -0.0000
vn 0.3856 -0.9227 -0.0000
vn 0.9482 -0.3175 -0.0000
vn -0.8470 -0.5315 -0.0000
vn -0.4220 -0.9066 -0.0000
vn -0.5388 -0.8425 -0.0000
vn -0.0953 -0.9954 -0.0000
vn -0.4924 -0.8703 -0.0000
vn -0.8716 -0.4902 -0.0000
vn -0.9919 -0.1267 -0.0000
vn -0.9732 -0.2298 -0.0000
vn -0.7347 -0.6783 -0.0000
vn 0.9999 -0.0127 -0.0000
vn 0.9974 0.0727 -0.0000
vn -0.1260 -0.9920 -0.0000
vn 0.2030 -0.9792 -0.0000
vn -0.8451 0.5345 -0.0000
vn 0.4980 -0.8672 -0.0000
vn 0.6114 -0.7913 -0.0000
vn -0.4344 -0.9007 -0.0000
vn 0.9286 -0.3711 -0.0000
vn -0.8918 0.4524 -0.0000
vn -0.8791 0.4766 -0.0000
vn -0.0354 0.9994 -0.0000
vn -0.3643 0.9313 -0.0000
vn -0.2561 0.9667 -0.0000
vn 0.9891 0.1474 -0.0000
vn -0.1239 0.9923 -0.0000
vn -0.0130 0.9999 -0.0000
vn 0.8726 -0.4885 -0.0000
vn -0.9935 -0.1136 -0.0000
vn -0.9999 -0.0160 -0.0000
vn -0.9340 0.3571 -0.0000
vn -0.8297 0.5582 -0.0000
vn 0.9447 -0.3280 -0.0000
vn -0.8487 -0.5288 -0.0000
vn -0.9918 -0.1279 -0.0000
vn 0.7893 -0.6140 -0.0000
vn -0.9919 -0.1272 -0.0000
vn 0.4921 0.8705 -0.0000
vn 0.3712 0.9285 -0.0000
vn 0.9273 0.3743 -0.0000
vn -0.2541 -0.9672 -0.0000
vn 0.3696 0.9292 -0.0000
vn -0.0007 1.0000 -0.0000
vn 0.1683 0.9857 -0.0000
vn 0.2220 0.9750 -0.0000
vn -0.9241 -0.3821 -0.0000
vn 0.8648 -0.5022 -0.0000
vn -0.9918 0.1281 -0.0000
vn -0.7947 0.6070 -0.0000
vn -0.8167 0.5770 -0.0000
vn -0.8059 0.5921 -0.0000
vn -0.2633 -0.9647 -0.0000
vn -0.2245 -0.9745 -0.0000
vn -0.3530 0.9356 -0.0000
vn -0.1577 -0.9875 -0.0000
vn -0.8644 -0.5028 -0.0000
vn 0.9680 0.2510 -0.0000
vn -0.7048 0.7094 -0.0000
vn -0.7069 0.7073 -0.0000
vn -0.3673 -0.9301 -0.0000
vn 0.1224 -0.9925 -0.0000
vn 0.1233 0.9924 -0.0000
vn 0.2475 0.9689 -0.0000
vn 0.9919 -0.1274 -0.0000
vn -0.4851 -0.8745 -0.0000
vn -0.5966 -0.8025 -0.0000
vn 0.9676 -0.2524 -0.0000
vn 0.9922 -0.1248 -0.0000
vn 0.0002 1.0000 -0.0000
vn -0.9239 0.3825 -0.0000
vn -0.4869 0.8735 -0.0000
vn -0.3687 0.9295 -0.0000
vn 0.4736 -0.8807 -0.0000
vn 0.6029 -0.7978 -0.0000
vn 0.9918 0.1279 -0.0000
vn 1.0000 0.0002 -0.0000
vn 0.0161 -0.9999 -0.0000
vn 0.1155 -0.9933 -0.0000
vn 0.8682 -0.4963 -0.0000
vn 0.4246 0.9054 -0.0000
vn -0.9665 0.2565 -0.0000
vn 0.7897 0.6135 -0.0000
vn 0.5927 -0.8055 -0.0000
vn 0.7442 0.6680 -0.0000
vn 0.9196 0.3929 -0.0000
vn 0.7005 0.7136 -0.0000
vn -0.5205 0.8539 -0.0000
vn 0.2069 0.9784 -0.0000
vn 0.6635 0.7482 -0.0000
vn 0.5518 0.8340 -0.0000
vn 0.9040 0.4275 -0.0000
vn -0.3587 0.9335 -0.0000
vn 0.9191 0.3940 -0.0000
vn 0.9999 0.0166 -0.0000
vn 0.9447 0.3280 -0.0000
vn 0.3587 0.9335 -0.0000
vn 0.1810 0.9835 -0.0000
vn -0.3731 0.9278 -0.0000
vn -0.4070 0.9134 -0.0000
vn -0.9717 0.2361 -0.0000
vn -0.8456 -0.5339 -0.0000
vn -0.7647 -0.6444 -0.0000
vn -0.0992 0.9951 -0.0000
vn 0.1810 -0.9835 -0.0000
vn -0.9717 -0.2361 -0.0000
vn 0.5358 0.8443 -0.0000
vn 0.2459 -0.9693 -0.0000
vn 0.9040 -0.4275 -0.0000
vn -0.9432 0.3324 -0.0000
vn -0.5624 -0.8268 -0.0000
vn 0.9850 0.1727 -0.0000
vn 0.6088 0.7933 -0.0000
vn 0.7861 -0.6181 -0.0000
vn -0.3426 0.9395 -0.0000
vn 0.8391 -0.5441 -0.0000
vn -0.2196 0.9756 -0.0000
vn -0.5829 -0.8125 -0.0000
vn -0.2196 -0.9756 -0.0000
vn 0.4810 -0.8767 -0.0000
vn 0.9850 -0.1727 -0.0000
vn 0.7694 -0.6388 -0.0000
vn -0.9432 -0.3324 -0.0000
vn 0.5367 0.8438 -0.0000
vn -0.1299 0.9915 -0.0000
vn 0.8699 -0.4932 -0.0000
vn 0.2464 0.9692 -0.0000
vn 0.1214 0.9926 -0.0000
vn -0.3738 -0.9275 -0.0000
vn 0.2464 -0.9692 -0.0000
vn 0.7534 -0.6575 -0.0000
vn 0.7150 -0.6992 -0.0000
vn -0.6673 -0.7448 -0.0000
vn -0.3807 -0.9247 -0.0000
vn 0.7708 -0.6370 -0.0000
vn -0.9987 0.0500 -0.0000
vn 0.3761 -0.9266 -0.0000
vn 0.9921 0.1255 -0.0000
vn 0.6053 0.7960 -0.0000
vn -0.7968 0.6042 -0.0000
vn -0.6061 0.7954 -0.0000
vn 0.3682 -0.9297 -0.0000
vn -0.3668 -0.9303 -0.0000
vn -0.9918 0.1280 -0.0000
vn 0.4916 0.8708 -0.0000
vn -0.5981 0.8015 -0.0000
vn 0.5993 0.8005 -0.0000
vn 0.3603 0.9328 -0.0000
vn 0.9717 0.2361 -0.0000
vn 0.5205 0.8539 -0.0000
vn -0.4232 0.9060 -0.0000
vt 0.286225 0.000000
vt 0.284436 0.000000
vt 0.282648 0.000000
vt 0.280859 0.000000
vt 0.279070 0.000000
vt 0.288014 0.000000
vt 0.277281 0.000000
vt 0.275492 0.000000
vt 0.289803 0.000000
vt 0.273703 0.000000
vt 0.271914 0.000000
vt 0.291592 0.000000
vt 0.270125 0.000000
vt 0.268336 0.000000
vt 0.293381 0.000000
vt 0.266547 0.000000
vt 0.264758 0.000000
vt 0.295170 0.000000
vt 0.262970 0.000000
vt 0.465116 0.000000
vt 0.466905 0.000000
vt 0.468694 0.000000
vt 0.470483 0.000000
vt 0.472272 0.000000
vt 0.474061 0.000000
vt 0.475850 0.000000
vt 0.477639 0.000000
vt 0.479428 0.000000
vt 0.296959 0.000000
vt 0.461538 0.000000
vt 0.463327 0.000000
vt 0.298748 0.000000
vt 0.457961 0.000000
vt 0.459750 0.000000
vt 0.300537 0.000000
vt 0.456172 0.000000
vt 0.454383 0.000000
vt 0.452594 0.000000
vt 0.450805 0.000000
vt 0.449016 0.000000
vt 0.447227 0.000000
vt 0.302326 0.000000
vt 0.445438 0.000000
vt 0.443649 0.000000
vt 0.441860 0.000000
vt 0.304114 0.000000
vt 0.440072 0.000000
vt 0.438283 0.000000
vt 0.305903 0.000000
vt 0.436494 0.000000
vt 0.434705 0.000000
vt 0.307692 0.000000
vt 0.432916 0.000000
vt 0.431127 0.000000
vt 0.309481 0.000000
vt 0.429338 0.000000
vt 0.311270 0.000000
vt 0.427549 0.000000
vt 0.425760 0.000000
vt 0.313059 0.000000
vt 0.423971 0.000000
vt 0.314848 0.000000
vt 0.422182 0.000000
vt 0.316637 0.000000
vt 0.420394 0.000000
vt 0.318426 0.000000
vt 0.418605 0.000000
vt 0.320215 0.000000
vt 0.322004 0.000000
vt 0.416816 0.000000
vt 0.323792 0.000000
vt 0.325581 0.000000
vt 0.415027 0.000000
vt 0.327370 0.000000
vt 0.372093 0.000000
vt 0.370304 0.000000
vt 0.368515 0.000000
vt 0.413238 0.000000
vt 0.329159 0.000000
vt 0.366726 0.000000
vt 0.330948 0.000000
vt 0.411449 0.000000
vt 0.364937 0.000000
vt 0.332737 0.000000
vt 0.363148 0.000000
vt 0.334526 0.000000
vt 0.336315 0.000000
vt 0.409660 0.000000
vt 0.361360 0.000000
vt 0.338104 0.000000
vt 0.359571 0.000000
vt 0.339893 0.000000
vt 0.357782 0.000000
vt 0.407871 0.000000
vt 0.341682 0.000000
vt 0.355993 0.000000
vt 0.343470 0.000000
vt 0.354204 0.000000
vt 0.345259 0.000000
vt 0.352415 0.000000
vt 0.347048 0.000000
vt 0.350626 0.000000
vt 0.406082 0.000000
vt 0.348837 0.000000
vt 0.404293 0.000000
vt 0.373882 0.000000
vt 0.375671 0.000000
vt 0.402504 0.000000
vt 0.377460 0.000000
vt 0.400716 0.000000
vt 0.379249 0.000000
vt 0.381038 0.000000
vt 0.398927 0.000000
vt 0.382826 0.000000
vt 0.384615 0.000000
vt 0.397138 0.000000
vt 0.386404 0.000000
vt 0.388193 0.000000
vt 0.395349 0.000000
vt 0.389982 0.000000
vt 0.391771 0.000000
vt 0.393560 0.000000
vt 0.547406 0.000000
vt 0.545617 0.000000
vt 0.543828 0.000000
vt 0.542039 0.000000
vt 0.549195 0.000000
vt 0.540250 0.000000
vt 0.550984 0.000000
vt 0.538462 0.000000
vt 0.552773 0.000000
vt 0.536673 0.000000
vt 0.554562 0.000000
vt 0.534884 0.000000
vt 0.556351 0.000000
vt 0.588551 0.000000
vt 0.586762 0.000000
vt 0.590340 0.000000
vt 0.592129 0.000000
vt 0.584973 0.000000
vt 0.593918 0.000000
vt 0.583184 0.000000
vt 0.533095 0.000000
vt 0.558140 0.000000
vt 0.595707 0.000000
vt 0.581395 0.000000
vt 0.597496 0.000000
vt 0.579606 0.000000
vt 0.531306 0.000000
vt 0.559928 0.000000
vt 0.599284 0.000000
vt 0.577818 0.000000
vt 0.601073 0.000000
vt 0.576029 0.000000
vt 0.529517 0.000000
vt 0.561717 0.000000
vt 0.602862 0.000000
vt 0.574240 0.000000
vt 0.527728 0.000000
vt 0.563506 0.000000
vt 0.604651 0.000000
vt 0.572451 0.000000
vt 0.606440 0.000000
vt 0.570662 0.000000
vt 0.525939 0.000000
vt 0.565295 0.000000
vt 0.608229 0.000000
vt 0.568873 0.000000
vt 0.524150 0.000000
vt 0.481216 0.000000
vt 0.610018 0.000000
vt 0.567084 0.000000
vt 0.483005 0.000000
vt 0.651163 0.000000
vt 0.611807 0.000000
vt 0.522361 0.000000
vt 0.649374 0.000000
vt 0.613596 0.000000
vt 0.520572 0.000000
vt 0.484794 0.000000
vt 0.647585 0.000000
vt 0.615385 0.000000
vt 0.518784 0.000000
vt 0.486583 0.000000
vt 0.617174 0.000000
vt 0.645796 0.000000
vt 0.516995 0.000000
vt 0.488372 0.000000
vt 0.618962 0.000000
vt 0.644007 0.000000
vt 0.620751 0.000000
vt 0.642218 0.000000
vt 0.515206 0.000000
vt 0.490161 0.000000
vt 0.622540 0.000000
vt 0.640429 0.000000
vt 0.624329 0.000000
vt 0.638640 0.000000
vt 0.513417 0.000000
vt 0.491950 0.000000
vt 0.626118 0.000000
vt 0.636852 0.000000
vt 0.627907 0.000000
vt 0.635063 0.000000
vt 0.511628 0.000000
vt 0.493739 0.000000
vt 0.629696 0.000000
vt 0.633274 0.000000
vt 0.631485 0.000000
vt 0.509839 0.000000
vt 0.495528 0.000000
vt 0.508050 0.000000
vt 0.497317 0.000000
vt 0.506261 0.000000
vt 0.499106 0.000000
vt 0.504472 0.000000
vt 0.500894 0.000000
vt 0.502683 0.000000
vt 0.656530 0.000000
vt 0.654741 0.000000
vt 0.652952 0.000000
vt 0.661896 0.000000
vt 0.660107 0.000000
vt 0.658318 0.000000
vt 0.686941 0.000000
vt 0.685152 0.000000
vt 0.683363 0.000000
vt 0.681574 0.000000
vt 0.688730 0.000000
vt 0.679785 0.000000
vt 0.690519 0.000000
vt 0.677996 0.000000
vt 0.692308 0.000000
vt 0.694097 0.000000
vt 0.676208 0.000000
vt 0.695886 0.000000
vt 0.813953 0.000000
vt 0.674419 0.000000
vt 0.812165 0.000000
vt 0.815742 0.000000
vt 0.810376 0.000000
vt 0.817531 0.000000
vt 0.697674 0.000000
vt 0.672630 0.000000
vt 0.808587 0.000000
vt 0.819320 0.000000
vt 0.806798 0.000000
vt 0.821109 0.000000
vt 0.805009 0.000000
vt 0.822898 0.000000
vt 0.699463 0.000000
vt 0.670841 0.000000
vt 0.803220 0.000000
vt 0.824687 0.000000
vt 0.801431 0.000000
vt 0.826476 0.000000
vt 0.701252 0.000000
vt 0.669052 0.000000
vt 0.799642 0.000000
vt 0.828265 0.000000
vt 0.703041 0.000000
vt 0.667263 0.000000
vt 0.797853 0.000000
vt 0.830054 0.000000
vt 0.796064 0.000000
vt 0.831843 0.000000
vt 0.704830 0.000000
vt 0.665474 0.000000
vt 0.794275 0.000000
vt 0.833631 0.000000
vt 0.706619 0.000000
vt 0.663685 0.000000
vt 0.792487 0.000000
vt 0.749553 0.000000
vt 0.708408 0.000000
vt 0.790698 0.000000
vt 0.751342 0.000000
vt 0.747764 0.000000
vt 0.788909 0.000000
vt 0.753131 0.000000
vt 0.710197 0.000000
vt 0.745975 0.000000
vt 0.787120 0.000000
vt 0.754919 0.000000
vt 0.711986 0.000000
vt 0.744186 0.000000
vt 0.756708 0.000000
vt 0.785331 0.000000
vt 0.758497 0.000000
vt 0.783542 0.000000
vt 0.713775 0.000000
vt 0.742397 0.000000
vt 0.760286 0.000000
vt 0.781753 0.000000
vt 0.715564 0.000000
vt 0.740608 0.000000
vt 0.762075 0.000000
vt 0.779964 0.000000
vt 0.763864 0.000000
vt 0.778175 0.000000
vt 0.717352 0.000000
vt 0.738819 0.000000
vt 0.765653 0.000000
vt 0.776386 0.000000
vt 0.767442 0.000000
vt 0.774597 0.000000
vt 0.769231 0.000000
vt 0.772809 0.000000
vt 0.719141 0.000000
vt 0.737030 0.000000
vt 0.771020 0.000000
vt 0.720930 0.000000
vt 0.735242 0.000000
vt 0.722719 0.000000
vt 0.733453 0.000000
vt 0.724508 0.000000
vt 0.731664 0.000000
vt 0.726297 0.000000
vt 0.729875 0.000000
vt 0.728086 0.000000
vt 0.838998 0.000000
vt 0.837209 0.000000
vt 0.835420 0.000000
vt 0.840787 0.000000
vt 0.889088 0.000000
vt 0.887299 0.000000
vt 0.885510 0.000000
vt 0.890877 0.000000
vt 0.892665 0.000000
vt 0.883721 0.000000
vt 0.894454 0.000000
vt 0.881932 0.000000
vt 0.896243 0.000000
vt 0.898032 0.000000
vt 0.880143 0.000000
vt 0.899821 0.000000
vt 0.901610 0.000000
vt 0.878354 0.000000
vt 0.903399 0.000000
vt 0.905188 0.000000
vt 0.876565 0.000000
vt 0.906977 0.000000
vt 0.908766 0.000000
vt 0.874776 0.000000
vt 0.910555 0.000000
vt 0.912343 0.000000
vt 0.914132 0.000000
vt 0.915921 0.000000
vt 0.917710 0.000000
vt 0.919499 0.000000
vt 0.921288 0.000000
vt 0.923077 0.000000
vt 0.924866 0.000000
vt 0.926655 0.000000
vt 0.928444 0.000000
vt 0.930233 0.000000
vt 0.932021 0.000000
vt 0.872987 0.000000
vt 0.933810 0.000000
vt 0.935599 0.000000
vt 0.937388 0.000000
vt 0.871199 0.000000
vt 0.939177 0.000000
vt 0.940966 0.000000
vt 0.942755 0.000000
vt 0.869410 0.000000
vt 0.944544 0.000000
vt 0.946333 0.000000
vt 0.867621 0.000000
vt 0.948122 0.000000
vt 0.949911 0.000000
vt 0.865832 0.000000
vt 0.951699 0.000000
vt 0.953488 0.000000
vt 0.864043 0.000000
vt 0.955277 0.000000
vt 0.957066 0.000000
vt 0.862254 0.000000
vt 0.958855 0.000000
vt 0.960644 0.000000
vt 0.860465 0.000000
vt 0.962433 0.000000
vt 0.964222 0.000000
vt 0.858676 0.000000
vt 0.966011 0.000000
vt 0.967800 0.000000
vt 0.969589 0.000000
vt 0.856887 0.000000
vt 0.971377 0.000000
vt 0.973166 0.000000
vt 0.855098 0.000000
vt 0.974955 0.000000
vt 0.976744 0.000000
vt 0.853309 0.000000
vt 0.978533 0.000000
vt 0.851521 0.000000
vt 0.980322 0.000000
vt 0.849732 0.000000
vt 0.982111 0.000000
vt 0.983900 0.000000
vt 0.847943 0.000000
vt 0.985689 0.000000
vt 0.846154 0.000000
vt 0.987478 0.000000
vt 0.844365 0.000000
vt 0.989267 0.000000
vt 0.991055 0.000000
vt 0.842576 0.000000
vt 1.000000 0.000000
vt 0.992844 0.000000
vt 0.994633 0.000000
vt 0.996422 0.000000
vt 0.998211 0.000000
vt 0.241503 0.000000
vt 0.239714 0.000000
vt 0.237925 0.000000
vt 0.243292 0.000000
vt 0.245081 0.000000
vt 0.236136 0.000000
vt 0.246869 0.000000
vt 0.248658 0.000000
vt 0.250447 0.000000
vt 0.234347 0.000000
vt 0.252236 0.000000
vt 0.254025 0.000000
vt 0.255814 0.000000
vt 0.232558 0.000000
vt 0.257603 0.000000
vt 0.259392 0.000000
vt 0.230769 0.000000
vt 0.261181 0.000000
vt 0.000000 0.000000
vt 0.001789 0.000000
vt 0.003578 0.000000
vt 0.005367 0.000000
vt 0.007156 0.000000
vt 0.008945 0.000000
vt 0.010733 0.000000
vt 0.228980 0.000000
vt 0.012522 0.000000
vt 0.014311 0.000000
vt 0.227191 0.000000
vt 0.016100 0.000000
vt 0.017889 0.000000
vt 0.019678 0.000000
vt 0.225403 0.000000
vt 0.021467 0.000000
vt 0.023256 0.000000
vt 0.223614 0.000000
vt 0.025045 0.000000
vt 0.026834 0.000000
vt 0.028623 0.000000
vt 0.221825 0.000000
vt 0.030411 0.000000
vt 0.032200 0.000000
vt 0.033989 0.000000
vt 0.220036 0.000000
vt 0.035778 0.000000
vt 0.037567 0.000000
vt 0.218247 0.000000
vt 0.039356 0.000000
vt 0.041145 0.000000
vt 0.216458 0.000000
vt 0.042934 0.000000
vt 0.044723 0.000000
vt 0.214669 0.000000
vt 0.046512 0.000000
vt 0.212880 0.000000
vt 0.048301 0.000000
vt 0.211091 0.000000
vt 0.050089 0.000000
vt 0.209302 0.000000
vt 0.051878 0.000000
vt 0.207513 0.000000
vt 0.053667 0.000000
vt 0.055456 0.000000
vt 0.205725 0.000000
vt 0.057245 0.000000
vt 0.203936 0.000000
vt 0.059034 0.000000
vt 0.060823 0.000000
vt 0.062612 0.000000
vt 0.202147 0.000000
vt 0.064401 0.000000
vt 0.066190 0.000000
vt 0.200358 0.000000
vt 0.198569 0.000000
vt 0.196780 0.000000
vt 0.194991 0.000000
vt 0.193202 0.000000
vt 0.191413 0.000000
vt 0.189624 0.000000
vt 0.187835 0.000000
vt 0.067979 0.000000
vt 0.186047 0.000000
vt 0.069767 0.000000
vt 0.071556 0.000000
vt 0.073345 0.000000
vt 0.184258 0.000000
vt 0.075134 0.000000
vt 0.076923 0.000000
vt 0.182469 0.000000
vt 0.078712 0.000000
vt 0.180680 0.000000
vt 0.080501 0.000000
vt 0.082290 0.000000
vt 0.178891 0.000000
vt 0.084079 0.000000
vt 0.177102 0.000000
vt 0.085868 0.000000
vt 0.175313 0.000000
vt 0.087657 0.000000
vt 0.173524 0.000000
vt 0.089445 0.000000
vt 0.091234 0.000000
vt 0.171735 0.000000
vt 0.093023 0.000000
vt 0.094812 0.000000
vt 0.169946 0.000000
vt 0.132379 0.000000
vt 0.130590 0.000000
vt 0.128801 0.000000
vt 0.096601 0.000000
vt 0.127013 0.000000
vt 0.098390 0.000000
vt 0.125224 0.000000
vt 0.168157 0.000000
vt 0.100179 0.000000
vt 0.123435 0.000000
vt 0.121646 0.000000
vt 0.101968 0.000000
vt 0.119857 0.000000
vt 0.103757 0.000000
vt 0.118068 0.000000
vt 0.116279 0.000000
vt 0.105546 0.000000
vt 0.166369 0.000000
vt 0.114490 0.000000
vt 0.107335 0.000000
vt 0.112701 0.000000
vt 0.110912 0.000000
vt 0.109123 0.000000
vt 0.164580 0.000000
vt 0.162791 0.000000
vt 0.161002 0.000000
vt 0.134168 0.000000
vt 0.135957 0.000000
vt 0.137746 0.000000
vt 0.159213 0.000000
vt 0.139535 0.000000
vt 0.141324 0.000000
vt 0.157424 0.000000
vt 0.143113 0.000000
vt 0.144902 0.000000
vt 0.146691 0.000000
vt 0.155635 0.000000
vt 0.148479 0.000000
vt 0.150268 0.000000
vt 0.153846 0.000000
vt 0.152057 0.000000
s 1
f 161/1/1 160/2/1 159/3/1
f 161/1/1 159/3/1 158/4/1
f 161/1/1 158/4/1 157/5/1
f 162/6/1 161/1/1 157/5/1
f 162/6/1 157/5/1 156/7/1
f 162/6/1 156/7/1 155/8/1
f 163/9/1 162/6/1 155/8/1
f 163/9/1 155/8/1 154/10/1
f 163/9/1 154/10/1 153/11/1
f 164/12/1 163/9/1 153/11/1
f 164/12/1 153/11/1 152/13/1
f 164/12/1 152/13/1 151/14/1
f 165/15/1 164/12/1 151/14/1
f 165/15/1 151/14/1 150/16/1
f 165/15/1 150/16/1 149/17/1
f 166/18/1 165/15/1 149/17/1
f 166/18/1 149/17/1 148/19/1
f 166/18/1 148/19/1 261/20/1
f 261/20/1 148/19/1 262/21/1
f 262/21/1 148/19/1 263/22/1
f 263/22/1 148/19/1 264/23/1
f 264/23/1 148/19/1 265/24/1
f 265/24/1 148/19/1 266/25/1
f 266/25/1 148/19/1 267/26/1
f 267/26/1 148/19/1 268/27/1
f 268/27/1 148/19/1 269/28/1
f 167/29/1 166/18/1 259/30/1
f 259/30/1 166/18/1 260/31/1
f 260/31/1 166/18/1 261/20/1
f 168/32/1 167/29/1 257/33/1
f 257/33/1 167/29/1 258/34/1
f 258/34/1 167/29/1 259/30/1
f 169/35/1 168/32/1 256/36/1
f 256/36/1 168/32/1 257/33/1
f 169/35/1 256/36/1 255/37/1
f 169/35/1 255/37/1 254/38/1
f 169/35/1 254/38/1 253/39/1
f 169/35/1 253/39/1 252/40/1
f 169/35/1 252/40/1 251/41/1
f 170/42/1 169/35/1 251/41/1
f 170/42/1 251/41/1 250/43/1
f 170/42/1 250/43/1 249/44/1
f 170/42/1 249/44/1 248/45/1
f 171/46/1 170/42/1 248/45/1
f 171/46/1 248/45/1 247/47/1
f 171/46/1 247/47/1 246/48/1
f 172/49/1 171/46/1 246/48/1
f 172/49/1 246/48/1 245/50/1
f 172/49/1 245/50/1 244/51/1
f 173/52/1 172/49/1 244/51/1
f 173/52/1 244/51/1 243/53/1
f 173/52/1 243/53/1 242/54/1
f 174/55/1 173/52/1 242/54/1
f 174/55/1 242/54/1 241/56/1
f 175/57/1 174/55/1 241/56/1
f 175/57/1 241/56/1 240/58/1
f 175/57/1 240/58/1 239/59/1
f 176/60/1 175/57/1 239/59/1
f 176/60/1 239/59/1 238/61/1
f 177/62/1 176/60/1 238/61/1
f 177/62/1 238/61/1 237/63/1
f 178/64/1 177/62/1 237/63/1
f 178/64/1 237/63/1 236/65/1
f 179/66/1 178/64/1 236/65/1
f 179/66/1 236/65/1 235/67/1
f 180/68/1 179/66/1 235/67/1
f 181/69/1 180/68/1 235/67/1
f 181/69/1 235/67/1 234/70/1
f 182/71/1 181/69/1 234/70/1
f 183/72/1 182/71/1 234/70/1
f 183/72/1 234/70/1 233/73/1
f 184/74/1 183/72/1 233/73/1
f 209/75/1 208/76/1 207/77/1
f 184/74/1 233/73/1 232/78/1
f 185/79/1 184/74/1 232/78/1
f 209/75/1 207/77/1 206/80/1
f 186/81/1 185/79/1 232/78/1
f 186/81/1 232/78/1 231/82/1
f 209/75/1 206/80/1 205/83/1
f 187/84/1 186/81/1 231/82/1
f 209/75/1 205/83/1 204/85/1
f 188/86/1 187/84/1 231/82/1
f 189/87/1 188/86/1 231/82/1
f 189/87/1 231/82/1 230/88/1
f 209/75/1 204/85/1 203/89/1
f 190/90/1 189/87/1 230/88/1
f 209/75/1 203/89/1 202/91/1
f 191/92/1 190/90/1 230/88/1
f 209/75/1 202/91/1 201/93/1
f 191/92/1 230/88/1 229/94/1
f 192/95/1 191/92/1 229/94/1
f 209/75/1 201/93/1 200/96/1
f 193/97/1 192/95/1 229/94/1
f 209/75/1 200/96/1 199/98/1
f 194/99/1 193/97/1 229/94/1
f 209/75/1 199/98/1 198/100/1
f 195/101/1 194/99/1 229/94/1
f 209/75/1 198/100/1 197/102/1
f 195/101/1 229/94/1 228/103/1
f 196/104/1 195/101/1 228/103/1
f 209/75/1 197/102/1 196/104/1
f 209/75/1 196/104/1 228/103/1
f 209/75/1 228/103/1 227/105/1
f 210/106/1 209/75/1 227/105/1
f 211/107/1 210/106/1 227/105/1
f 211/107/1 227/105/1 226/108/1
f 212/109/1 211/107/1 226/108/1
f 212/109/1 226/108/1 225/110/1
f 213/111/1 212/109/1 225/110/1
f 214/112/1 213/111/1 225/110/1
f 214/112/1 225/110/1 224/113/1
f 215/114/1 214/112/1 224/113/1
f 216/115/1 215/114/1 224/113/1
f 216/115/1 224/113/1 223/116/1
f 217/117/1 216/115/1 223/116/1
f 218/118/1 217/117/1 223/116/1
f 218/118/1 223/116/1 222/119/1
f 219/120/1 218/118/1 222/119/1
f 220/121/1 219/120/1 222/119/1
f 220/121/1 222/119/1 221/122/1
f 307/123/1 306/124/1 305/125/1
f 307/123/1 305/125/1 304/126/1
f 308/127/1 307/123/1 304/126/1
f 308/127/1 304/126/1 303/128/1
f 309/129/1 308/127/1 303/128/1
f 309/129/1 303/128/1 302/130/1
f 310/131/1 309/129/1 302/130/1
f 310/131/1 302/130/1 301/132/1
f 311/133/1 310/131/1 301/132/1
f 311/133/1 301/132/1 300/134/1
f 312/135/1 311/133/1 330/136/1
f 330/136/1 311/133/1 300/134/1
f 312/135/1 330/136/1 329/137/1
f 331/138/1 330/136/1 300/134/1
f 332/139/1 331/138/1 300/134/1
f 312/135/1 329/137/1 328/140/1
f 333/141/1 332/139/1 300/134/1
f 312/135/1 328/140/1 327/142/1
f 333/141/1 300/134/1 299/143/1
f 313/144/1 312/135/1 327/142/1
f 334/145/1 333/141/1 299/143/1
f 313/144/1 327/142/1 326/146/1
f 335/147/1 334/145/1 299/143/1
f 313/144/1 326/146/1 325/148/1
f 335/147/1 299/143/1 298/149/1
f 314/150/1 313/144/1 325/148/1
f 336/151/1 335/147/1 298/149/1
f 314/150/1 325/148/1 324/152/1
f 337/153/1 336/151/1 298/149/1
f 314/150/1 324/152/1 323/154/1
f 337/153/1 298/149/1 297/155/1
f 315/156/1 314/150/1 323/154/1
f 338/157/1 337/153/1 297/155/1
f 315/156/1 323/154/1 322/158/1
f 338/157/1 297/155/1 296/159/1
f 316/160/1 315/156/1 322/158/1
f 339/161/1 338/157/1 296/159/1
f 316/160/1 322/158/1 321/162/1
f 340/163/1 339/161/1 296/159/1
f 316/160/1 321/162/1 320/164/1
f 340/163/1 296/159/1 295/165/1
f 317/166/1 316/160/1 320/164/1
f 341/167/1 340/163/1 295/165/1
f 317/166/1 320/164/1 319/168/1
f 341/167/1 295/165/1 294/169/1
f 270/170/1 317/166/1 319/168/1
f 342/171/1 341/167/1 294/169/1
f 270/170/1 319/168/1 318/172/1
f 271/173/1 270/170/1 318/172/1
f 271/173/1 318/172/1 365/174/1
f 343/175/1 342/171/1 294/169/1
f 343/175/1 294/169/1 293/176/1
f 271/173/1 365/174/1 364/177/1
f 344/178/1 343/175/1 293/176/1
f 344/178/1 293/176/1 292/179/1
f 272/180/1 271/173/1 364/177/1
f 272/180/1 364/177/1 363/181/1
f 345/182/1 344/178/1 292/179/1
f 345/182/1 292/179/1 291/183/1
f 273/184/1 272/180/1 363/181/1
f 346/185/1 345/182/1 291/183/1
f 273/184/1 363/181/1 362/186/1
f 346/185/1 291/183/1 290/187/1
f 274/188/1 273/184/1 362/186/1
f 347/189/1 346/185/1 290/187/1
f 274/188/1 362/186/1 361/190/1
f 348/191/1 347/189/1 290/187/1
f 274/188/1 361/190/1 360/192/1
f 348/191/1 290/187/1 289/193/1
f 275/194/1 274/188/1 360/192/1
f 349/195/1 348/191/1 289/193/1
f 275/194/1 360/192/1 359/196/1
f 350/197/1 349/195/1 289/193/1
f 275/194/1 359/196/1 358/198/1
f 350/197/1 289/193/1 288/199/1
f 276/200/1 275/194/1 358/198/1
f 351/201/1 350/197/1 288/199/1
f 276/200/1 358/198/1 357/202/1
f 352/203/1 351/201/1 288/199/1
f 276/200/1 357/202/1 356/204/1
f 352/203/1 288/199/1 287/205/1
f 277/206/1 276/200/1 356/204/1
f 353/207/1 352/203/1 287/205/1
f 277/206/1 356/204/1 355/208/1
f 354/209/1 353/207/1 287/205/1
f 277/206/1 355/208/1 354/209/1
f 277/206/1 354/209/1 287/205/1
f 277/206/1 287/205/1 286/210/1
f 278/211/1 277/206/1 286/210/1
f 278/211/1 286/210/1 285/212/1
f 279/213/1 278/211/1 285/212/1
f 279/213/1 285/212/1 284/214/1
f 280/215/1 279/213/1 284/214/1
f 280/215/1 284/214/1 283/216/1
f 281/217/1 280/215/1 283/216/1
f 281/217/1 283/216/1 282/218/1
f 368/219/1 367/220/1 366/221/1
f 368/219/1 366/221/1 371/222/1
f 368/219/1 371/222/1 370/223/1
f 368/219/1 370/223/1 369/224/1
f 385/225/1 384/226/1 383/227/1
f 385/225/1 383/227/1 382/228/1
f 386/229/1 385/225/1 382/228/1
f 386/229/1 382/228/1 381/230/1
f 387/231/1 386/229/1 381/230/1
f 387/231/1 381/230/1 380/232/1
f 388/233/1 387/231/1 380/232/1
f 389/234/1 388/233/1 380/232/1
f 389/234/1 380/232/1 379/235/1
f 390/236/1 389/234/1 379/235/1
f 390/236/1 379/235/1 456/237/1
f 456/237/1 379/235/1 378/238/1
f 390/236/1 456/237/1 455/239/1
f 457/240/1 456/237/1 378/238/1
f 390/236/1 455/239/1 454/241/1
f 458/242/1 457/240/1 378/238/1
f 391/243/1 390/236/1 454/241/1
f 458/242/1 378/238/1 377/244/1
f 391/243/1 454/241/1 453/245/1
f 459/246/1 458/242/1 377/244/1
f 391/243/1 453/245/1 452/247/1
f 460/248/1 459/246/1 377/244/1
f 391/243/1 452/247/1 451/249/1
f 461/250/1 460/248/1 377/244/1
f 392/251/1 391/243/1 451/249/1
f 461/250/1 377/244/1 376/252/1
f 392/251/1 451/249/1 450/253/1
f 462/254/1 461/250/1 376/252/1
f 392/251/1 450/253/1 449/255/1
f 463/256/1 462/254/1 376/252/1
f 393/257/1 392/251/1 449/255/1
f 463/256/1 376/252/1 375/258/1
f 393/257/1 449/255/1 448/259/1
f 464/260/1 463/256/1 375/258/1
f 394/261/1 393/257/1 448/259/1
f 464/260/1 375/258/1 374/262/1
f 394/261/1 448/259/1 447/263/1
f 465/264/1 464/260/1 374/262/1
f 394/261/1 447/263/1 446/265/1
f 466/266/1 465/264/1 374/262/1
f 395/267/1 394/261/1 446/265/1
f 466/266/1 374/262/1 373/268/1
f 395/267/1 446/265/1 445/269/1
f 467/270/1 466/266/1 373/268/1
f 396/271/1 395/267/1 445/269/1
f 467/270/1 373/268/1 372/272/1
f 396/271/1 445/269/1 444/273/1
f 420/274/1 467/270/1 372/272/1
f 397/275/1 396/271/1 444/273/1
f 397/275/1 444/273/1 443/276/1
f 421/277/1 420/274/1 372/272/1
f 421/277/1 372/272/1 419/278/1
f 397/275/1 443/276/1 442/279/1
f 422/280/1 421/277/1 419/278/1
f 398/281/1 397/275/1 442/279/1
f 422/280/1 419/278/1 418/282/1
f 398/281/1 442/279/1 441/283/1
f 423/284/1 422/280/1 418/282/1
f 399/285/1 398/281/1 441/283/1
f 423/284/1 418/282/1 417/286/1
f 424/287/1 423/284/1 417/286/1
f 399/285/1 441/283/1 440/288/1
f 425/289/1 424/287/1 417/286/1
f 399/285/1 440/288/1 439/290/1
f 400/291/1 399/285/1 439/290/1
f 425/289/1 417/286/1 416/292/1
f 426/293/1 425/289/1 416/292/1
f 400/291/1 439/290/1 438/294/1
f 401/295/1 400/291/1 438/294/1
f 426/293/1 416/292/1 415/296/1
f 427/297/1 426/293/1 415/296/1
f 401/295/1 438/294/1 437/298/1
f 428/299/1 427/297/1 415/296/1
f 401/295/1 437/298/1 436/300/1
f 402/301/1 401/295/1 436/300/1
f 428/299/1 415/296/1 414/302/1
f 429/303/1 428/299/1 414/302/1
f 402/301/1 436/300/1 435/304/1
f 430/305/1 429/303/1 414/302/1
f 402/301/1 435/304/1 434/306/1
f 431/307/1 430/305/1 414/302/1
f 402/301/1 434/306/1 433/308/1
f 403/309/1 402/301/1 433/308/1
f 431/307/1 414/302/1 413/310/1
f 432/311/1 431/307/1 413/310/1
f 403/309/1 433/308/1 432/311/1
f 403/309/1 432/311/1 413/310/1
f 404/312/1 403/309/1 413/310/1
f 404/312/1 413/310/1 412/313/1
f 405/314/1 404/312/1 412/313/1
f 405/314/1 412/313/1 411/315/1
f 406/316/1 405/314/1 411/315/1
f 406/316/1 411/315/1 410/317/1
f 407/318/1 406/316/1 410/317/1
f 407/318/1 410/317/1 409/319/1
f 408/320/1 407/318/1 409/319/1
f 470/321/1 469/322/1 468/323/1
f 470/321/1 468/323/1 471/324/1
f 498/325/1 497/326/1 496/327/1
f 499/328/1 498/325/1 496/327/1
f 500/329/1 499/328/1 496/327/1
f 500/329/1 496/327/1 495/330/1
f 501/331/1 500/329/1 495/330/1
f 501/331/1 495/330/1 494/332/1
f 502/333/1 501/331/1 494/332/1
f 503/334/1 502/333/1 494/332/1
f 503/334/1 494/332/1 493/335/1
f 504/336/1 503/334/1 493/335/1
f 505/337/1 504/336/1 493/335/1
f 505/337/1 493/335/1 492/338/1
f 506/339/1 505/337/1 492/338/1
f 507/340/1 506/339/1 492/338/1
f 507/340/1 492/338/1 491/341/1
f 508/342/1 507/340/1 491/341/1
f 509/343/1 508/342/1 491/341/1
f 509/343/1 491/341/1 490/344/1
f 510/345/1 509/343/1 511/346/1
f 511/346/1 509/343/1 512/347/1
f 512/347/1 509/343/1 513/348/1
f 513/348/1 509/343/1 514/349/1
f 514/349/1 509/343/1 515/350/1
f 515/350/1 509/343/1 516/351/1
f 516/351/1 509/343/1 517/352/1
f 517/352/1 509/343/1 518/353/1
f 518/353/1 509/343/1 519/354/1
f 519/354/1 509/343/1 520/355/1
f 520/355/1 509/343/1 521/356/1
f 521/356/1 509/343/1 490/344/1
f 521/356/1 490/344/1 522/357/1
f 522/357/1 490/344/1 489/358/1
f 523/359/1 522/357/1 489/358/1
f 524/360/1 523/359/1 489/358/1
f 525/361/1 524/360/1 489/358/1
f 525/361/1 489/358/1 488/362/1
f 526/363/1 525/361/1 488/362/1
f 527/364/1 526/363/1 488/362/1
f 528/365/1 527/364/1 488/362/1
f 528/365/1 488/362/1 487/366/1
f 529/367/1 528/365/1 487/366/1
f 530/368/1 529/367/1 487/366/1
f 530/368/1 487/366/1 486/369/1
f 531/370/1 530/368/1 486/369/1
f 532/371/1 531/370/1 486/369/1
f 532/371/1 486/369/1 485/372/1
f 533/373/1 532/371/1 485/372/1
f 534/374/1 533/373/1 485/372/1
f 534/374/1 485/372/1 484/375/1
f 535/376/1 534/374/1 484/375/1
f 536/377/1 535/376/1 484/375/1
f 536/377/1 484/375/1 483/378/1
f 537/379/1 536/377/1 483/378/1
f 538/380/1 537/379/1 483/378/1
f 538/380/1 483/378/1 482/381/1
f 539/382/1 538/380/1 482/381/1
f 540/383/1 539/382/1 482/381/1
f 540/383/1 482/381/1 481/384/1
f 541/385/1 540/383/1 481/384/1
f 542/386/1 541/385/1 481/384/1
f 543/387/1 542/386/1 481/384/1
f 543/387/1 481/384/1 480/388/1
f 544/389/1 543/387/1 480/388/1
f 545/390/1 544/389/1 480/388/1
f 545/390/1 480/388/1 479/391/1
f 546/392/1 545/390/1 479/391/1
f 547/393/1 546/392/1 479/391/1
f 547/393/1 479/391/1 478/394/1
f 548/395/1 547/393/1 478/394/1
f 548/395/1 478/394/1 477/396/1
f 549/397/1 548/395/1 477/396/1
f 549/397/1 477/396/1 476/398/1
f 550/399/1 549/397/1 476/398/1
f 551/400/1 550/399/1 476/398/1
f 551/400/1 476/398/1 475/401/1
f 552/402/1 551/400/1 475/401/1
f 552/402/1 475/401/1 474/403/1
f 553/404/1 552/402/1 474/403/1
f 553/404/1 474/403/1 473/405/1
f 554/406/1 553/404/1 473/405/1
f 555/407/1 554/406/1 473/405/1
f 555/407/1 473/405/1 472/408/1
f 555/407/1 472/408/1 560/409/1
f 556/410/1 555/407/1 560/409/1
f 557/411/1 556/410/1 560/409/1
f 558/412/1 557/411/1 560/409/1
f 559/413/1 558/412/1 560/409/1
f 136/414/1 135/415/1 134/416/1
f 137/417/1 136/414/1 134/416/1
f 138/418/1 137/417/1 134/416/1
f 138/418/1 134/416/1 133/419/1
f 139/420/1 138/418/1 133/419/1
f 140/421/1 139/420/1 133/419/1
f 141/422/1 140/421/1 133/419/1
f 141/422/1 133/419/1 132/423/1
f 142/424/1 141/422/1 132/423/1
f 143/425/1 142/424/1 132/423/1
f 144/426/1 143/425/1 132/423/1
f 144/426/1 132/423/1 131/427/1
f 145/428/1 144/426/1 131/427/1
f 146/429/1 145/428/1 131/427/1
f 146/429/1 131/427/1 130/430/1
f 147/431/1 146/429/1 130/430/1
f 1/432/1 147/431/1 2/433/1
f 2/433/1 147/431/1 3/434/1
f 3/434/1 147/431/1 4/435/1
f 4/435/1 147/431/1 5/436/1
f 5/436/1 147/431/1 130/430/1
f 5/436/1 130/430/1 6/437/1
f 6/437/1 130/430/1 7/438/1
f 7/438/1 130/430/1 129/439/1
f 7/438/1 129/439/1 8/440/1
f 8/440/1 129/439/1 9/441/1
f 9/441/1 129/439/1 128/442/1
f 9/441/1 128/442/1 10/443/1
f 10/443/1 128/442/1 11/444/1
f 11/444/1 128/442/1 12/445/1
f 12/445/1 128/442/1 127/446/1
f 12/445/1 127/446/1 13/447/1
f 13/447/1 127/446/1 14/448/1
f 14/448/1 127/446/1 126/449/1
f 15/450/1 14/448/1 126/449/1
f 16/451/1 15/450/1 126/449/1
f 17/452/1 16/451/1 126/449/1
f 17/452/1 126/449/1 125/453/1
f 18/454/1 17/452/1 125/453/1
f 19/455/1 18/454/1 125/453/1
f 20/456/1 19/455/1 125/453/1
f 20/456/1 125/453/1 124/457/1
f 21/458/1 20/456/1 124/457/1
f 22/459/1 21/458/1 124/457/1
f 22/459/1 124/457/1 123/460/1
f 23/461/1 22/459/1 123/460/1
f 24/462/1 23/461/1 123/460/1
f 24/462/1 123/460/1 122/463/1
f 25/464/1 24/462/1 122/463/1
f 26/465/1 25/464/1 122/463/1
f 26/465/1 122/463/1 121/466/1
f 27/467/1 26/465/1 121/466/1
f 27/467/1 121/466/1 120/468/1
f 28/469/1 27/467/1 120/468/1
f 28/469/1 120/468/1 119/470/1
f 29/471/1 28/469/1 119/470/1
f 29/471/1 119/470/1 118/472/1
f 30/473/1 29/471/1 118/472/1
f 30/473/1 118/472/1 117/474/1
f 31/475/1 30/473/1 117/474/1
f 32/476/1 31/475/1 117/474/1
f 32/476/1 117/474/1 116/477/1
f 33/478/1 32/476/1 116/477/1
f 33/478/1 116/477/1 115/479/1
f 34/480/1 33/478/1 115/479/1
f 35/481/1 34/480/1 115/479/1
f 36/482/1 35/481/1 115/479/1
f 36/482/1 115/479/1 114/483/1
f 37/484/1 36/482/1 114/483/1
f 38/485/1 37/484/1 114/483/1
f 38/485/1 114/483/1 113/486/1
f 38/485/1 113/486/1 112/487/1
f 38/485/1 112/487/1 111/488/1
f 38/485/1 111/488/1 110/489/1
f 38/485/1 110/489/1 109/490/1
f 38/485/1 109/490/1 108/491/1
f 38/485/1 108/491/1 107/492/1
f 38/485/1 107/492/1 106/493/1
f 38/485/1 106/493/1 39/494/1
f 39/494/1 106/493/1 105/495/1
f 40/496/1 39/494/1 105/495/1
f 41/497/1 40/496/1 105/495/1
f 42/498/1 41/497/1 105/495/1
f 42/498/1 105/495/1 104/499/1
f 43/500/1 42/498/1 104/499/1
f 44/501/1 43/500/1 104/499/1
f 44/501/1 104/499/1 103/502/1
f 45/503/1 44/501/1 103/502/1
f 45/503/1 103/502/1 102/504/1
f 46/505/1 45/503/1 102/504/1
f 47/506/1 46/505/1 102/504/1
f 47/506/1 102/504/1 101/507/1
f 48/508/1 47/506/1 101/507/1
f 48/508/1 101/507/1 100/509/1
f 49/510/1 48/508/1 100/509/1
f 49/510/1 100/509/1 99/511/1
f 50/512/1 49/510/1 99/511/1
f 50/512/1 99/511/1 98/513/1
f 51/514/1 50/512/1 98/513/1
f 52/515/1 51/514/1 98/513/1
f 52/515/1 98/513/1 97/516/1
f 53/517/1 52/515/1 97/516/1
f 54/518/1 53/517/1 97/516/1
f 54/518/1 97/516/1 96/519/1
f 75/520/1 74/521/1 73/522/1
f 55/523/1 54/518/1 96/519/1
f 75/520/1 73/522/1 72/524/1
f 56/525/1 55/523/1 96/519/1
f 75/520/1 72/524/1 71/526/1
f 56/525/1 96/519/1 95/527/1
f 57/528/1 56/525/1 95/527/1
f 75/520/1 71/526/1 70/529/1
f 75/520/1 70/529/1 69/530/1
f 58/531/1 57/528/1 95/527/1
f 75/520/1 69/530/1 68/532/1
f 59/533/1 58/531/1 95/527/1
f 75/520/1 68/532/1 67/534/1
f 75/520/1 67/534/1 66/535/1
f 60/536/1 59/533/1 95/527/1
f 60/536/1 95/527/1 94/537/1
f 75/520/1 66/535/1 65/538/1
f 61/539/1 60/536/1 94/537/1
f 75/520/1 65/538/1 64/540/1
f 75/520/1 64/540/1 63/541/1
f 62/542/1 61/539/1 94/537/1
f 75/520/1 63/541/1 62/542/1
f 75/520/1 62/542/1 94/537/1
f 75/520/1 94/537/1 93/543/1
f 75/520/1 93/543/1 92/544/1
f 75/520/1 92/544/1 91/545/1
f 76/546/1 75/520/1 91/545/1
f 77/547/1 76/546/1 91/545/1
f 78/548/1 77/547/1 91/545/1
f 78/548/1 91/545/1 90/549/1
f 79/550/1 78/548/1 90/549/1
f 80/551/1 79/550/1 90/549/1
f 80/551/1 90/549/1 89/552/1
f 81/553/1 80/551/1 89/552/1
f 82/554/1 81/553/1 89/552/1
f 83/555/1 82/554/1 89/552/1
f 83/555/1 89/552/1 88/556/1
f 84/557/1 83/555/1 88/556/1
f 85/558/1 84/557/1 88/556/1
f 85/558/1 88/556/1 87/559/1
f 86/560/1 85/558/1 87/559/1
f 721/1/2 719/3/2 720/2/2
f 721/1/2 718/4/2 719/3/2
f 721/1/2 717/5/2 718/4/2
f 722/6/2 717/5/2 721/1/2
f 722/6/2 716/7/2 717/5/2
f 722/6/2 715/8/2 716/7/2
f 723/9/2 715/8/2 722/6/2
f 723/9/2 714/10/2 715/8/2
f 723/9/2 713/11/2 714/10/2
f 724/12/2 713/11/2 723/9/2
f 724/12/2 712/13/2 713/11/2
f 724/12/2 711/14/2 712/13/2
f 725/15/2 711/14/2 724/12/2
f 725/15/2 710/16/2 711/14/2
f 725/15/2 709/17/2 710/16/2
f 726/18/2 709/17/2 725/15/2
f 726/18/2 708/19/2 709/17/2
f 726/18/2 821/20/2 708/19/2
f 821/20/2 822/21/2 708/19/2
f 822/21/2 823/22/2 708/19/2
f 823/22/2 824/23/2 708/19/2
f 824/23/2 825/24/2 708/19/2
f 825/24/2 826/25/2 708/19/2
f 826/25/2 827/26/2 708/19/2
f 827/26/2 828/27/2 708/19/2
f 828/27/2 829/28/2 708/19/2
f 727/29/2 819/30/2 726/18/2
f 819/30/2 820/31/2 726/18/2
f 820/31/2 821/20/2 726/18/2
f 728/32/2 817/33/2 727/29/2
f 817/33/2 818/34/3 727/29/2
f 818/34/3 819/30/2 727/29/2
f 729/35/2 816/36/2 728/32/2
f 816/36/2 817/33/2 728/32/2
f 729/35/2 815/37/2 816/36/2
f 729/35/2 814/38/2 815/37/2
f 729/35/2 813/39/2 814/38/2
f 729/35/2 812/40/2 813/39/2
f 729/35/2 811/41/2 812/40/2
f 730/42/2 811/41/2 729/35/2
f 730/42/2 810/43/2 811/41/2
f 730/42/2 809/44/2 810/43/2
f 730/42/2 808/45/2 809/44/2
f 731/46/2 808/45/2 730/42/2
f 731/46/2 807/47/2 808/45/2
f 731/46/2 806/48/2 807/47/2
f 732/49/2 806/48/2 731/46/2
f 732/49/2 805/50/2 806/48/2
f 732/49/2 804/51/2 805/50/2
f 733/52/2 804/51/2 732/49/2
f 733/52/2 803/53/2 804/51/2
f 733/52/2 802/54/2 803/53/2
f 734/55/2 802/54/2 733/52/2
f 734/55/2 801/56/2 802/54/2
f 735/57/2 801/56/2 734/55/2
f 735/57/2 800/58/2 801/56/2
f 735/57/2 799/59/2 800/58/2
f 736/60/2 799/59/2 735/57/2
f 736/60/2 798/61/2 799/59/2
f 737/62/2 798/61/2 736/60/2
f 737/62/2 797/63/2 798/61/2
f 738/64/2 797/63/2 737/62/2
f 738/64/2 796/65/2 797/63/2
f 739/66/2 796/65/2 738/64/2
f 739/66/2 795/67/2 796/65/2
f 740/68/2 795/67/2 739/66/2
f 741/69/2 795/67/2 740/68/2
f 741/69/2 794/70/2 795/67/2
f 742/71/2 794/70/2 741/69/2
f 743/72/2 794/70/2 742/71/2
f 743/72/2 793/73/2 794/70/2
f 744/74/2 793/73/2 743/72/2
f 769/75/2 767/77/2 768/76/2
f 744/74/2 792/78/2 793/73/2
f 745/79/2 792/78/2 744/74/2
f 769/75/2 766/80/2 767/77/2
f 746/81/2 792/78/2 745/79/2
f 746/81/2 791/82/2 792/78/2
f 769/75/2 765/83/2 766/80/2
f 747/84/2 791/82/2 746/81/2
f 769/75/2 764/85/2 765/83/2
f 748/86/2 791/82/2 747/84/2
f 749/87/2 791/82/2 748/86/2
f 749/87/2 790/88/2 791/82/2
f 769/75/2 763/89/2 764/85/2
f 750/90/2 790/88/2 749/87/2
f 769/75/2 762/91/2 763/89/2
f 751/92/2 790/88/2 750/90/2
f 769/75/2 761/93/2 762/91/2
f 751/92/2 789/94/2 790/88/2
f 752/95/2 789/94/2 751/92/2
f 769/75/2 760/96/2 761/93/2
f 753/97/2 789/94/2 752/95/2
f 769/75/2 759/98/2 760/96/2
f 754/99/2 789/94/2 753/97/2
f 769/75/2 758/100/2 759/98/2
f 755/101/2 789/94/2 754/99/2
f 769/75/2 757/102/2 758/100/2
f 755/101/2 788/103/2 789/94/2
f 756/104/2 788/103/2 755/101/2
f 769/75/2 756/104/2 757/102/2
f 769/75/2 788/103/2 756/104/2
f 769/75/2 787/105/2 788/103/2
f 770/106/2 787/105/2 769/75/2
f 771/107/2 787/105/2 770/106/2
f 771/107/2 786/108/2 787/105/2
f 772/109/2 786/108/2 771/107/2
f 772/109/2 785/110/2 786/108/2
f 773/111/2 785/110/2 772/109/2
f 774/112/2 785/110/2 773/111/2
f 774/112/2 784/113/2 785/110/2
f 775/114/2 784/113/2 774/112/2
f 776/115/2 784/113/2 775/114/2
f 776/115/2 783/116/2 784/113/2
f 777/117/2 783/116/2 776/115/2
f 778/118/2 783/116/2 777/117/2
f 778/118/2 782/119/2 783/116/2
f 779/120/2 782/119/2 778/118/2
f 780/121/2 782/119/2 779/120/2
f 780/121/2 781/122/2 782/119/2
f 867/123/2 865/125/2 866/124/2
f 867/123/2 864/126/2 865/125/2
f 868/127/2 864/126/2 867/123/2
f 868/127/2 863/128/2 864/126/2
f 869/129/2 863/128/2 868/127/2
f 869/129/2 862/130/2 863/128/2
f 870/131/2 862/130/2 869/129/2
f 870/131/2 861/132/2 862/130/2
f 871/133/2 861/132/2 870/131/2
f 871/133/2 860/134/2 861/132/2
f 872/135/2 890/136/2 871/133/2
f 890/136/2 860/134/2 871/133/2
f 872/135/2 889/137/2 890/136/2
f 891/138/2 860/134/2 890/136/2
f 892/139/2 860/134/2 891/138/2
f 872/135/2 888/140/2 889/137/2
f 893/141/2 860/134/2 892/139/2
f 872/135/2 887/142/2 888/140/2
f 893/141/2 859/143/2 860/134/2
f 873/144/2 887/142/2 872/135/2
f 894/145/2 859/143/2 893/141/2
f 873/144/2 886/146/2 887/142/2
f 895/147/2 859/143/2 894/145/2
f 873/144/2 885/148/2 886/146/2
f 895/147/2 858/149/2 859/143/2
f 874/150/2 885/148/2 873/144/2
f 896/151/2 858/149/2 895/147/2
f 874/150/2 884/152/2 885/148/2
f 897/153/2 858/149/2 896/151/2
f 874/150/2 883/154/2 884/152/2
f 897/153/2 857/155/2 858/149/2
f 875/156/2 883/154/2 874/150/2
f 898/157/2 857/155/2 897/153/2
f 875/156/2 882/158/2 883/154/2
f 898/157/2 856/159/2 857/155/2
f 876/160/2 882/158/2 875/156/2
f 899/161/2 856/159/2 898/157/2
f 876/160/2 881/162/2 882/158/2
f 900/163/2 856/159/2 899/161/2
f 876/160/2 880/164/2 881/162/2
f 900/163/2 855/165/2 856/159/2
f 877/166/2 880/164/2 876/160/2
f 901/167/2 855/165/2 900/163/2
f 877/166/2 879/168/2 880/164/2
f 901/167/2 854/169/2 855/165/2
f 830/170/2 879/168/2 877/166/2
f 902/171/2 854/169/2 901/167/2
f 830/170/2 878/172/2 879/168/2
f 831/173/2 878/172/2 830/170/2
f 831/173/2 925/174/2 878/172/2
f 903/175/2 854/169/2 902/171/2
f 903/175/2 853/176/2 854/169/2
f 831/173/2 924/177/2 925/174/2
f 904/178/2 853/176/2 903/175/2
f 904/178/2 852/179/2 853/176/2
f 832/180/2 924/177/2 831/173/2
f 832/180/2 923/181/2 924/177/2
f 905/182/2 852/179/2 904/178/2
f 905/182/2 851/183/2 852/179/2
f 833/184/2 923/181/2 832/180/2
f 906/185/2 851/183/2 905/182/2
f 833/184/2 922/186/2 923/181/2
f 906/185/2 850/187/2 851/183/2
f 834/188/2 922/186/2 833/184/2
f 907/189/2 850/187/2 906/185/2
f 834/188/2 921/190/2 922/186/2
f 908/191/2 850/187/2 907/189/2
f 834/188/2 920/192/2 921/190/2
f 908/191/2 849/193/2 850/187/2
f 835/194/2 920/192/2 834/188/2
f 909/195/2 849/193/2 908/191/2
f 835/194/2 919/196/2 920/192/2
f 910/197/2 849/193/2 909/195/2
f 835/194/2 918/198/2 919/196/2
f 910/197/2 848/199/2 849/193/2
f 836/200/2 918/198/2 835/194/2
f 911/201/2 848/199/2 910/197/2
f 836/200/2 917/202/2 918/198/2
f 912/203/2 848/199/2 911/201/2
f 836/200/2 916/204/2 917/202/2
f 912/203/2 847/205/2 848/199/2
f 837/206/2 916/204/2 836/200/2
f 913/207/2 847/205/2 912/203/2
f 837/206/2 915/208/2 916/204/2
f 914/209/2 847/205/2 913/207/2
f 837/206/2 914/209/2 915/208/2
f 837/206/2 847/205/2 914/209/2
f 837/206/2 846/210/2 847/205/2
f 838/211/2 846/210/2 837/206/2
f 838/211/2 845/212/2 846/210/2
f 839/213/2 845/212/2 838/211/2
f 839/213/2 844/214/2 845/212/2
f 840/215/2 844/214/2 839/213/2
f 840/215/2 843/216/2 844/214/2
f 841/217/2 843/216/2 840/215/2
f 841/217/2 842/218/2 843/216/2
f 928/219/2 926/221/2 927/220/2
f 928/219/2 931/222/2 926/221/2
f 928/219/2 930/223/2 931/222/2
f 928/219/2 929/224/2 930/223/2
f 945/225/2 943/227/2 944/226/2
f 945/225/2 942/228/2 943/227/2
f 946/229/2 942/228/2 945/225/2
f 946/229/2 941/230/2 942/228/2
f 947/231/2 941/230/2 946/229/2
f 947/231/2 940/232/2 941/230/2
f 948/233/2 940/232/2 947/231/2
f 949/234/2 940/232/2 948/233/2
f 949/234/2 939/235/2 940/232/2
f 950/236/2 939/235/2 949/234/2
f 950/236/2 1016/237/2 939/235/2
f 1016/237/2 938/238/2 939/235/2
f 950/236/2 1015/239/2 1016/237/2
f 1017/240/2 938/238/2 1016/237/2
f 950/236/2 1014/241/2 1015/239/2
f 1018/242/2 938/238/2 1017/240/2
f 951/243/2 1014/241/2 950/236/2
f 1018/242/2 937/244/2 938/238/2
f 951/243/2 1013/245/2 1014/241/2
f 1019/246/2 937/244/2 1018/242/2
f 951/243/2 1012/247/2 1013/245/2
f 1020/248/2 937/244/2 1019/246/2
f 951/243/2 1011/249/2 1012/247/2
f 1021/250/2 937/244/2 1020/248/2
f 952/251/2 1011/249/2 951/243/2
f 1021/250/2 936/252/2 937/244/2
f 952/251/2 1010/253/2 1011/249/2
f 1022/254/2 936/252/2 1021/250/2
f 952/251/2 1009/255/2 1010/253/2
f 1023/256/2 936/252/2 1022/254/2
f 953/257/2 1009/255/2 952/251/2
f 1023/256/2 935/258/2 936/252/2
f 953/257/2 1008/259/2 1009/255/2
f 1024/260/2 935/258/2 1023/256/2
f 954/261/2 1008/259/2 953/257/2
f 1024/260/2 934/262/2 935/258/2
f 954/261/2 1007/263/2 1008/259/2
f 1025/264/2 934/262/2 1024/260/2
f 954/261/2 1006/265/2 1007/263/2
f 1026/266/2 934/262/2 1025/264/2
f 955/267/2 1006/265/2 954/261/2
f 1026/266/2 933/268/2 934/262/2
f 955/267/2 1005/269/2 1006/265/2
f 1027/270/2 933/268/2 1026/266/2
f 956/271/2 1005/269/2 955/267/2
f 1027/270/2 932/272/2 933/268/2
f 956/271/2 1004/273/2 1005/269/2
f 980/274/2 932/272/2 1027/270/2
f 957/275/2 1004/273/2 956/271/2
f 957/275/2 1003/276/2 1004/273/2
f 981/277/2 932/272/2 980/274/2
f 981/277/2 979/278/2 932/272/2
f 957/275/2 1002/279/2 1003/276/2
f 982/280/2 979/278/2 981/277/2
f 958/281/2 1002/279/2 957/275/2
f 982/280/2 978/282/2 979/278/2
f 958/281/2 1001/283/2 1002/279/2
f 983/284/2 978/282/2 982/280/2
f 959/285/2 1001/283/2 958/281/2
f 983/284/2 977/286/2 978/282/2
f 984/287/2 977/286/2 983/284/2
f 959/285/2 1000/288/2 1001/283/2
f 985/289/2 977/286/2 984/287/2
f 959/285/2 999/290/2 1000/288/2
f 960/291/2 999/290/2 959/285/2
f 985/289/2 976/292/2 977/286/2
f 986/293/2 976/292/2 985/289/2
f 960/291/2 998/294/2 999/290/2
f 961/295/2 998/294/2 960/291/2
f 986/293/2 975/296/2 976/292/2
f 987/297/2 975/296/2 986/293/2
f 961/295/2 997/298/2 998/294/2
f 988/299/2 975/296/2 987/297/2
f 961/295/2 996/300/2 997/298/2
f 962/301/2 996/300/2 961/295/2
f 988/299/2 974/302/2 975/296/2
f 989/303/2 974/302/2 988/299/2
f 962/301/2 995/304/2 996/300/2
f 990/305/2 974/302/2 989/303/2
f 962/301/2 994/306/2 995/304/2
f 991/307/2 974/302/2 990/305/2
f 962/301/2 993/308/2 994/306/2
f 963/309/2 993/308/2 962/301/2
f 991/307/2 973/310/2 974/302/2
f 992/311/2 973/310/2 991/307/2
f 963/309/2 992/311/2 993/308/2
f 963/309/2 973/310/2 992/311/2
f 964/312/2 973/310/2 963/309/2
f 964/312/2 972/313/2 973/310/2
f 965/314/2 972/313/2 964/312/2
f 965/314/2 971/315/2 972/313/2
f 966/316/2 971/315/2 965/314/2
f 966/316/2 970/317/2 971/315/2
f 967/318/2 970/317/2 966/316/2
f 967/318/2 969/319/2 970/317/2
f 968/320/2 969/319/2 967/318/2
f 1030/321/2 1028/323/2 1029/322/2
f 1030/321/2 1031/324/2 1028/323/2
f 1058/325/2 1056/327/2 1057/326/2
f 1059/328/2 1056/327/2 1058/325/2
f 1060/329/2 1056/327/2 1059/328/2
f 1060/329/2 1055/330/2 1056/327/2
f 1061/331/2 1055/330/2 1060/329/2
f 1061/331/2 1054/332/2 1055/330/2
f 1062/333/2 1054/332/2 1061/331/2
f 1063/334/2 1054/332/2 1062/333/2
f 1063/334/2 1053/335/2 1054/332/2
f 1064/336/2 1053/335/2 1063/334/2
f 1065/337/2 1053/335/2 1064/336/2
f 1065/337/2 1052/338/2 1053/335/2
f 1066/339/2 1052/338/2 1065/337/2
f 1067/340/2 1052/338/2 1066/339/2
f 1067/340/2 1051/341/2 1052/338/2
f 1068/342/2 1051/341/2 1067/340/2
f 1069/343/2 1051/341/2 1068/342/2
f 1069/343/2 1050/344/2 1051/341/2
f 1070/345/2 1071/346/2 1069/343/2
f 1071/346/2 1072/347/2 1069/343/2
f 1072/347/2 1073/348/2 1069/343/2
f 1073/348/2 1074/349/2 1069/343/2
f 1074/349/2 1075/350/2 1069/343/2
f 1075/350/2 1076/351/2 1069/343/2
f 1076/351/2 1077/352/2 1069/343/2
f 1077/352/2 1078/353/2 1069/343/2
f 1078/353/2 1079/354/2 1069/343/2
f 1079/354/2 1080/355/2 1069/343/2
f 1080/355/2 1081/356/2 1069/343/2
f 1081/356/2 1050/344/2 1069/343/2
f 1081/356/2 1082/357/2 1050/344/2
f 1082/357/2 1049/358/2 1050/344/2
f 1083/359/2 1049/358/2 1082/357/2
f 1084/360/2 1049/358/2 1083/359/2
f 1085/361/2 1049/358/2 1084/360/2
f 1085/361/2 1048/362/2 1049/358/2
f 1086/363/2 1048/362/2 1085/361/2
f 1087/364/2 1048/362/2 1086/363/2
f 1088/365/2 1048/362/2 1087/364/2
f 1088/365/2 1047/366/2 1048/362/2
f 1089/367/2 1047/366/2 1088/365/2
f 1090/368/2 1047/366/2 1089/367/2
f 1090/368/2 1046/369/2 1047/366/2
f 1091/370/2 1046/369/2 1090/368/2
f 1092/371/2 1046/369/2 1091/370/2
f 1092/371/2 1045/372/2 1046/369/2
f 1093/373/2 1045/372/2 1092/371/2
f 1094/374/2 1045/372/2 1093/373/2
f 1094/374/2 1044/375/2 1045/372/2
f 1095/376/2 1044/375/2 1094/374/2
f 1096/377/2 1044/375/2 1095/376/2
f 1096/377/2 1043/378/2 1044/375/2
f 1097/379/2 1043/378/2 1096/377/2
f 1098/380/2 1043/378/2 1097/379/2
f 1098/380/2 1042/381/2 1043/378/2
f 1099/382/2 1042/381/2 1098/380/2
f 1100/383/2 1042/381/2 1099/382/2
f 1100/383/2 1041/384/2 1042/381/2
f 1101/385/2 1041/384/2 1100/383/2
f 1102/386/2 1041/384/2 1101/385/2
f 1103/387/2 1041/384/2 1102/386/2
f 1103/387/2 1040/388/2 1041/384/2
f 1104/389/2 1040/388/2 1103/387/2
f 1105/390/2 1040/388/2 1104/389/2
f 1105/390/2 1039/391/2 1040/388/2
f 1106/392/2 1039/391/2 1105/390/2
f 1107/393/2 1039/391/2 1106/392/2
f 1107/393/2 1038/394/2 1039/391/2
f 1108/395/2 1038/394/2 1107/393/2
f 1108/395/2 1037/396/2 1038/394/2
f 1109/397/2 1037/396/2 1108/395/2
f 1109/397/2 1036/398/2 1037/396/2
f 1110/399/2 1036/398/2 1109/397/2
f 1111/400/2 1036/398/2 1110/399/2
f 1111/400/2 1035/401/2 1036/398/2
f 1112/402/2 1035/401/2 1111/400/2
f 1112/402/2 1034/403/2 1035/401/2
f 1113/404/2 1034/403/2 1112/402/2
f 1113/404/2 1033/405/2 1034/403/2
f 1114/406/2 1033/405/2 1113/404/2
f 1115/407/2 1033/405/2 1114/406/2
f 1115/407/2 1032/408/2 1033/405/2
f 1115/407/2 1120/409/2 1032/408/2
f 1116/410/2 1120/409/2 1115/407/2
f 1117/411/2 1120/409/2 1116/410/2
f 1118/412/2 1120/409/2 1117/411/2
f 1119/413/2 1120/409/2 1118/412/2
f 696/414/2 694/416/2 695/415/2
f 697/417/2 694/416/2 696/414/2
f 698/418/2 694/416/2 697/417/2
f 698/418/2 693/419/2 694/416/2
f 699/420/2 693/419/2 698/418/2
f 700/421/2 693/419/2 699/420/2
f 701/422/2 693/419/2 700/421/2
f 701/422/2 692/423/2 693/419/2
f 702/424/2 692/423/2 701/422/2
f 703/425/2 692/423/2 702/424/2
f 704/426/2 692/423/2 703/425/2
f 704/426/2 691/427/2 692/423/2
f 705/428/2 691/427/2 704/426/2
f 706/429/2 691/427/2 705/428/2
f 706/429/2 690/430/2 691/427/2
f 707/431/2 690/430/2 706/429/2
f 561/432/2 562/433/2 707/431/2
f 562/433/2 563/434/2 707/431/2
f 563/434/2 564/435/2 707/431/2
f 564/435/2 565/436/2 707/431/2
f 565/436/2 690/430/2 707/431/2
f 565/436/2 566/437/2 690/430/2
f 566/437/2 567/438/4 690/430/2
f 567/438/4 689/439/2 690/430/2
f 567/438/4 568/440/2 689/439/2
f 568/440/2 569/441/2 689/439/2
f 569/441/2 688/442/2 689/439/2
f 569/441/2 570/443/2 688/442/2
f 570/443/2 571/444/2 688/442/2
f 571/444/2 572/445/2 688/442/2
f 572/445/2 687/446/2 688/442/2
f 572/445/2 573/447/2 687/446/2
f 573/447/2 574/448/2 687/446/2
f 574/448/2 686/449/2 687/446/2
f 575/450/2 686/449/2 574/448/2
f 576/451/2 686/449/2 575/450/2
f 577/452/2 686/449/2 576/451/2
f 577/452/2 685/453/2 686/449/2
f 578/454/2 685/453/2 577/452/2
f 579/455/2 685/453/2 578/454/2
f 580/456/2 685/453/2 579/455/2
f 580/456/2 684/457/2 685/453/2
f 581/458/2 684/457/2 580/456/2
f 582/459/2 684/457/2 581/458/2
f 582/459/2 683/460/2 684/457/2
f 583/461/2 683/460/2 582/459/2
f 584/462/2 683/460/2 583/461/2
f 584/462/2 682/463/2 683/460/2
f 585/464/2 682/463/2 584/462/2
f 586/465/2 682/463/2 585/464/2
f 586/465/2 681/466/2 682/463/2
f 587/467/2 681/466/2 586/465/2
f 587/467/2 680/468/2 681/466/2
f 588/469/2 680/468/2 587/467/2
f 588/469/2 679/470/2 680/468/2
f 589/471/2 679/470/2 588/469/2
f 589/471/2 678/472/2 679/470/2
f 590/473/2 678/472/2 589/471/2
f 590/473/2 677/474/2 678/472/2
f 591/475/2 677/474/2 590/473/2
f 592/476/2 677/474/2 591/475/2
f 592/476/2 676/477/2 677/474/2
f 593/478/2 676/477/2 592/476/2
f 593/478/2 675/479/2 676/477/2
f 594/480/2 675/479/2 593/478/2
f 595/481/2 675/479/2 594/480/2
f 596/482/2 675/479/2 595/481/2
f 596/482/2 674/483/2 675/479/2
f 597/484/2 674/483/2 596/482/2
f 598/485/2 674/483/2 597/484/2
f 598/485/2 673/486/2 674/483/2
f 598/485/2 672/487/2 673/486/2
f 598/485/2 671/488/2 672/487/2
f 598/485/2 670/489/2 671/488/2
f 598/485/2 669/490/2 670/489/2
f 598/485/2 668/491/2 669/490/2
f 598/485/2 667/492/2 668/491/2
f 598/485/2 666/493/2 667/492/2
f 598/485/2 599/494/2 666/493/2
f 599/494/2 665/495/2 666/493/2
f 600/496/2 665/495/2 599/494/2
f 601/497/2 665/495/2 600/496/2
f 602/498/2 665/495/2 601/497/2
f 602/498/2 664/499/2 665/495/2
f 603/500/2 664/499/2 602/498/2
f 604/501/2 664/499/2 603/500/2
f 604/501/2 663/502/2 664/499/2
f 605/503/2 663/502/2 604/501/2
f 605/503/2 662/504/2 663/502/2
f 606/505/2 662/504/2 605/503/2
f 607/506/2 662/504/2 606/505/2
f 607/506/2 661/507/2 662/504/2
f 608/508/2 661/507/2 607/506/2
f 608/508/2 660/509/2 661/507/2
f 609/510/2 660/509/2 608/508/2
f 609/510/2 659/511/2 660/509/2
f 610/512/2 659/511/2 609/510/2
f 610/512/2 658/513/2 659/511/2
f 611/514/2 658/513/2 610/512/2
f 612/515/2 658/513/2 611/514/2
f 612/515/2 657/516/2 658/513/2
f 613/517/2 657/516/2 612/515/2
f 614/518/2 657/516/2 613/517/2
f 614/518/2 656/519/2 657/516/2
f 635/520/2 633/522/2 634/521/2
f 615/523/2 656/519/2 614/518/2
f 635/520/2 632/524/2 633/522/2
f 616/525/2 656/519/2 615/523/2
f 635/520/2 631/526/2 632/524/2
f 616/525/2 655/527/2 656/519/2
f 617/528/2 655/527/2 616/525/2
f 635/520/2 630/529/2 631/526/2
f 635/520/2 629/530/2 630/529/2
f 618/531/2 655/527/2 617/528/2
f 635/520/2 628/532/2 629/530/2
f 619/533/2 655/527/2 618/531/2
f 635/520/2 627/534/2 628/532/2
f 635/520/2 626/535/2 627/534/2
f 620/536/2 655/527/2 619/533/2
f 620/536/2 654/537/2 655/527/2
f 635/520/2 625/538/2 626/535/2
f 621/539/2 654/537/2 620/536/2
f 635/520/2 624/540/2 625/538/2
f 635/520/2 623/541/2 624/540/2
f 622/542/2 654/537/2 621/539/2
f 635/520/2 622/542/2 623/541/2
f 635/520/2 654/537/2 622/542/2
f 635/520/2 653/543/2 654/537/2
f 635/520/2 652/544/2 653/543/2
f 635/520/2 651/545/2 652/544/2
f 636/546/2 651/545/2 635/520/2
f 637/547/2 651/545/2 636/546/2
f 638/548/2 651/545/2 637/547/2
f 638/548/2 650/549/2 651/545/2
f 639/550/2 650/549/2 638/548/2
f 640/551/2 650/549/2 639/550/2
f 640/551/2 649/552/2 650/549/2
f 641/553/2 649/552/2 640/551/2
f 642/554/2 649/552/2 641/553/2
f 643/555/2 649/552/2 642/554/2
f 643/555/2 648/556/2 649/552/2
f 644/557/2 648/556/2 643/555/2
f 645/558/2 648/556/2 644/557/2
f 645/558/2 647/559/2 648/556/2
f 646/560/2 647/559/2 645/558/2
f 120/468/5 121/466/6 681/466/6 680/468/5
f 417/286/7 418/282/8 978/282/8 977/286/7
f 484/375/9 485/372/10 1045/372/10 1044/375/9
f 162/6/11 163/9/12 723/9/12 722/6/11
f 397/275/13 398/281/14 958/281/14 957/275/13
f 149/17/15 150/16/16 710/16/16 709/17/15
f 142/424/17 143/425/18 703/425/18 702/424/17
f 139/420/19 140/421/20 700/421/20 699/420/19
f 406/316/21 407/318/22 967/318/22 966/316/21
f 396/271/23 397/275/13 957/275/13 956/271/23
f 413/310/24 414/302/25 974/302/25 973/310/24
f 155/8/26 156/7/27 716/7/27 715/8/26
f 391/243/28 392/251/29 952/251/29 951/243/28
f 505/337/30 506/339/31 1066/339/31 1065/337/30
f 158/4/32 159/3/33 719/3/33 718/4/32
f 412/313/34 413/310/24 973/310/24 972/313/34
f 136/414/35 137/417/36 697/417/36 696/414/35
f 433/308/37 434/306/38 994/306/38 993/308/37
f 165/15/39 166/18/40 726/18/40 725/15/39
f 178/64/41 179/66/42 739/66/42 738/64/41
f 429/303/43 430/305/44 990/305/44 989/303/43
f 407/318/22 408/320/45 968/320/45 967/318/22
f 422/280/46 423/284/47 983/284/47 982/280/46
f 174/55/48 175/57/49 735/57/49 734/55/48
f 171/46/50 172/49/51 732/49/51 731/46/50
f 152/13/52 153/11/53 713/11/53 712/13/52
f 181/69/54 182/71/55 742/71/55 741/69/54
f 428/299/56 429/303/43 989/303/43 988/299/56
f 438/294/57 439/290/58 999/290/58 998/294/57
f 187/84/59 188/86/60 748/86/60 747/84/59
f 488/362/61 489/358/62 1049/358/62 1048/362/61
f 423/284/47 424/287/63 984/287/63 983/284/47
f 197/102/64 198/100/65 758/100/65 757/102/64
f 449/255/66 450/253/67 1010/253/67 1009/255/66
f 114/483/68 115/479/69 675/479/69 674/483/68
f 168/32/70 169/35/71 729/35/71 728/32/70
f 194/99/72 195/101/73 755/101/73 754/99/72
f 445/269/74 446/265/75 1006/265/75 1005/269/74
f 203/89/76 204/85/77 764/85/77 763/89/76
f 465/264/78 466/266/79 1026/266/79 1025/264/78
f 190/90/80 191/92/81 751/92/81 750/90/80
f 460/248/82 461/250/83 1021/250/83 1020/248/82
f 439/290/58 440/288/84 1000/288/84 999/290/58
f 210/106/85 211/107/86 771/107/86 770/106/85
f 461/250/83 462/254/87 1022/254/87 1021/250/83
f 95/527/88 96/519/89 656/519/89 655/527/88
f 184/74/90 185/79/91 745/79/91 744/74/90
f 481/384/92 482/381/93 1042/381/93 1041/384/92
f 206/80/94 207/77/95 767/77/95 766/80/94
f 76/546/96 77/547/97 637/547/97 636/546/96
f 213/111/98 214/112/99 774/112/99 773/111/98
f 477/396/100 478/394/101 1038/394/101 1037/396/100
f 219/120/102 220/121/103 780/121/103 779/120/102
f 470/321/45 471/324/45 1031/324/45 1030/321/45
f 222/119/104 223/116/105 783/116/105 782/119/104
f 476/398/106 477/396/100 1037/396/100 1036/398/106
f 455/239/107 456/237/45 1016/237/45 1015/239/107
f 229/94/108 230/88/109 790/88/109 789/94/108
f 497/326/110 498/325/111 1058/325/111 1057/326/110
f 493/335/112 494/332/113 1054/332/113 1053/335/112
f 200/96/114 201/93/115 761/93/115 760/96/114
f 486/369/116 487/366/117 1047/366/117 1046/369/116
f 242/54/118 243/53/119 803/53/119 802/54/118
f 238/61/120 239/59/121 799/59/121 798/61/120
f 235/67/122 236/65/123 796/65/123 795/67/122
f 492/338/124 493/335/112 1053/335/112 1052/338/124
f 513/348/125 514/349/126 1074/349/126 1073/348/125
f 245/50/127 246/48/128 806/48/128 805/50/127
f 3/434/129 4/435/130 564/435/130 563/434/129
f 216/115/131 217/117/132 777/117/132 776/115/131
f 502/333/133 503/334/134 1063/334/134 1062/333/133
f 261/20/135 262/21/136 822/21/136 821/20/135
f 6/437/137 7/438/138 567/438/138 566/437/137
f 509/343/23 510/345/23 1070/345/23 1069/343/23
f 520/355/139 521/356/140 1081/356/140 1080/355/139
f 254/38/141 255/37/142 815/37/142 814/38/141
f 251/41/143 252/40/144 812/40/144 811/41/143
f 503/334/134 504/336/145 1064/336/145 1063/334/134
f 256/36/146 257/33/147 817/33/147 816/36/146
f 508/342/148 509/343/149 1069/343/149 1068/342/148
f 248/45/150 249/44/151 809/44/151 808/45/150
f 9/441/152 10/443/153 570/443/153 569/441/152
f 277/206/154 278/211/155 838/211/155 837/206/154
f 269/28/156 148/19/156 708/19/156 829/28/156
f 522/357/157 523/359/158 1083/359/158 1082/357/157
f 266/25/159 267/26/160 827/26/160 826/25/159
f 22/459/161 23/461/162 583/461/162 582/459/161
f 529/367/163 530/368/164 1090/368/164 1089/367/163
f 267/26/160 268/27/165 828/27/165 827/26/160
f 523/359/158 524/360/166 1084/360/166 1083/359/158
f 536/377/167 537/379/168 1097/379/168 1096/377/167
f 19/455/169 20/456/170 580/456/170 579/455/169
f 12/445/171 13/447/157 573/447/157 572/445/171
f 25/464/172 26/465/173 586/465/173 585/464/172
f 276/200/174 277/206/154 837/206/154 836/200/174
f 538/380/175 539/382/176 1099/382/176 1098/380/175
f 282/218/177 283/216/178 843/216/178 842/218/177
f 283/216/178 284/214/179 844/214/179 843/216/178
f 539/382/176 540/383/180 1100/383/180 1099/382/176
f 293/176/181 294/169/156 854/169/156 853/176/181
f 28/469/182 29/471/183 589/471/183 588/469/182
f 38/485/184 39/494/185 599/494/185 598/485/184
f 525/361/186 526/363/187 1086/363/187 1085/361/186
f 552/402/188 553/404/189 1113/404/189 1112/402/188
f 15/450/190 16/451/191 576/451/191 575/450/190
f 41/497/192 42/498/193 602/498/193 601/497/192
f 545/390/194 546/392/195 1106/392/195 1105/390/194
f 272/180/196 273/184/197 833/184/197 832/180/196
f 554/406/198 555/407/199 1115/407/199 1114/406/198
f 298/149/200 299/143/201 859/143/201 858/149/200
f 560/409/156 472/408/156 1032/408/156 1120/409/156
f 239/59/121 240/58/202 800/58/202 799/59/121
f 541/385/203 542/386/204 1102/386/204 1101/385/203
f 299/143/201 300/134/205 860/134/205 859/143/201
f 555/407/199 556/410/206 1116/410/206 1115/407/199
f 309/129/207 310/131/208 870/131/208 869/129/207
f 292/179/209 293/176/181 853/176/181 852/179/209
f 31/475/210 32/476/211 592/476/211 591/475/210
f 44/501/212 45/503/213 605/503/213 604/501/212
f 54/518/214 55/523/215 615/523/215 614/518/214
f 260/31/216 261/20/135 821/20/135 820/31/216
f 288/199/217 289/193/218 849/193/218 848/199/217
f 467/270/219 420/274/23 980/274/23 1027/270/219
f 57/528/220 58/531/221 618/531/221 617/528/220
f 325/148/222 326/146/223 886/146/223 885/148/222
f 51/514/224 52/515/225 612/515/225 611/514/224
f 121/466/6 122/463/226 682/463/226 681/466/6
f 315/156/227 316/160/228 876/160/228 875/156/227
f 314/150/229 315/156/227 875/156/227 874/150/229
f 70/529/230 71/526/231 631/526/231 630/529/230
f 308/127/232 309/129/207 869/129/207 868/127/232
f 60/536/233 61/539/234 621/539/234 620/536/233
f 67/534/235 68/532/236 628/532/236 627/534/235
f 341/167/237 342/171/238 902/171/238 901/167/237
f 324/152/239 325/148/222 885/148/222 884/152/239
f 557/411/240 558/412/241 1118/412/241 1117/411/240
f 73/522/242 74/521/243 634/521/243 633/522/242
f 83/555/244 84/557/245 644/557/245 643/555/244
f 304/126/246 305/125/247 865/125/247 864/126/246
f 331/138/248 332/139/249 892/139/249 891/138/248
f 330/136/250 331/138/248 891/138/248 890/136/250
f 340/163/251 341/167/237 901/167/237 900/163/251
f 85/558/252 86/560/253 646/560/253 645/558/252
f 63/541/254 64/540/255 624/540/255 623/541/254
f 320/164/256 321/162/257 881/162/257 880/164/256
f 347/189/258 348/191/259 908/191/259 907/189/258
f 357/202/260 358/198/261 918/198/261 917/202/260
f 517/352/262 518/353/263 1078/353/263 1077/352/262
f 92/544/264 93/543/265 653/543/265 652/544/264
f 89/552/266 90/549/267 650/549/267 649/552/266
f 102/504/268 103/502/269 663/502/269 662/504/268
f 26/465/173 27/467/270 587/467/270 586/465/173
f 346/185/271 347/189/258 907/189/258 906/185/271
f 79/550/272 80/551/273 640/551/273 639/550/272
f 47/506/274 48/508/275 608/508/275 607/506/274
f 336/151/276 337/153/277 897/153/277 896/151/276
f 115/479/69 116/477/278 676/477/278 675/479/69
f 372/272/156 373/268/279 933/268/279 932/272/156
f 363/181/280 364/177/281 924/177/281 923/181/280
f 105/495/282 106/493/283 666/493/283 665/495/282
f 108/491/284 109/490/285 669/490/285 668/491/284
f 362/186/286 363/181/280 923/181/280 922/186/286
f 30/473/287 31/475/210 591/475/210 590/473/287
f 352/203/288 353/207/289 913/207/289 912/203/288
f 131/427/290 132/423/291 692/423/291 691/427/290
f 379/235/292 380/232/293 940/232/293 939/235/292
f 378/238/294 379/235/292 939/235/292 938/238/294
f 388/233/295 389/234/296 949/234/296 948/233/295
f 124/457/297 125/453/298 685/453/298 684/457/297
f 373/268/279 374/262/299 934/262/299 933/268/279
f 11/444/300 12/445/171 572/445/171 571/444/300
f 118/472/301 119/470/302 679/470/302 678/472/301
f 483/378/303 484/375/9 1044/375/9 1043/378/303
f 464/260/304 465/264/78 1025/264/78 1024/260/304
f 111/488/305 112/487/306 672/487/306 671/488/305
f 137/417/36 138/418/307 698/418/307 697/417/36
f 368/219/45 369/224/45 929/224/45 928/219/45
f 394/261/308 395/267/309 955/267/309 954/261/308
f 395/267/309 396/271/23 956/271/23 955/267/309
f 153/11/53 154/10/310 714/10/310 713/11/53
f 389/234/296 390/236/311 950/236/311 949/234/296
f 404/312/312 405/314/313 965/314/313 964/312/312
f 140/421/20 141/422/314 701/422/314 700/421/20
f 410/317/315 411/315/316 971/315/316 970/317/315
f 134/416/317 135/415/318 695/415/318 694/416/317
f 411/315/316 412/313/34 972/313/34 971/315/316
f 227/105/319 228/103/320 788/103/320 787/105/319
f 156/7/27 157/5/321 717/5/321 716/7/27
f 419/278/322 372/272/156 932/272/156 979/278/322
f 127/446/323 128/442/324 688/442/324 687/446/323
f 169/35/71 170/42/325 730/42/325 729/35/71
f 163/9/12 164/12/326 724/12/326 723/9/12
f 384/226/327 385/225/328 945/225/328 944/226/327
f 427/297/329 428/299/56 988/299/56 987/297/329
f 426/293/330 427/297/329 987/297/329 986/293/330
f 405/314/313 406/316/21 966/316/21 965/314/313
f 420/274/23 421/277/331 981/277/331 980/274/23
f 143/425/18 144/426/332 704/426/332 703/425/18
f 172/49/51 173/52/333 733/52/333 732/49/51
f 185/79/91 186/81/334 746/81/334 745/79/91
f 150/16/16 151/14/335 711/14/335 710/16/16
f 179/66/42 180/68/336 740/68/336 739/66/42
f 400/291/337 401/295/338 961/295/338 960/291/337
f 442/279/339 443/276/340 1003/276/340 1002/279/339
f 436/300/341 437/298/342 997/298/342 996/300/341
f 159/3/33 160/2/343 720/2/343 719/3/33
f 443/276/340 444/273/156 1004/273/156 1003/276/340
f 188/86/60 189/87/344 749/87/344 748/86/60
f 50/512/345 51/514/224 611/514/224 610/512/345
f 195/101/73 196/104/346 756/104/346 755/101/73
f 452/247/347 453/245/348 1013/245/348 1012/247/347
f 35/481/349 36/482/350 596/482/350 595/481/349
f 421/277/331 422/280/46 982/280/46 981/277/331
f 175/57/49 176/60/351 736/60/351 735/57/49
f 166/18/40 167/29/352 727/29/352 726/18/40
f 211/107/86 212/109/353 772/109/353 771/107/86
f 432/311/327 433/308/37 993/308/37 992/311/327
f 459/246/354 460/248/82 1020/248/82 1019/246/354
f 437/298/342 438/294/57 998/294/57 997/298/342
f 468/323/327 469/322/327 1029/322/327 1028/323/327
f 204/85/77 205/83/355 765/83/355 764/85/77
f 201/93/115 202/91/356 762/91/356 761/93/115
f 182/71/55 183/72/357 743/72/357 742/71/55
f 458/242/358 459/246/354 1019/246/354 1018/242/358
f 453/245/348 454/241/359 1014/241/359 1013/245/348
f 471/324/156 468/323/156 1028/323/156 1031/324/156
f 191/92/81 192/95/360 752/95/360 751/92/81
f 475/401/361 476/398/106 1036/398/106 1035/401/361
f 198/100/65 199/98/362 759/98/362 758/100/65
f 147/431/23 1/432/23 561/432/23 707/431/23
f 448/259/363 449/255/66 1009/255/66 1008/259/363
f 220/121/103 221/122/364 781/122/364 780/121/103
f 217/117/132 218/118/365 778/118/365 777/117/132
f 75/520/366 76/546/96 636/546/96 635/520/366
f 232/78/367 233/73/368 793/73/368 792/78/367
f 474/403/369 475/401/361 1035/401/361 1034/403/369
f 207/77/95 208/76/370 768/76/370 767/77/95
f 233/73/368 234/70/371 794/70/371 793/73/368
f 469/322/23 470/321/23 1030/321/23 1029/322/23
f 490/344/372 491/341/373 1051/341/373 1050/344/372
f 214/112/99 215/114/374 775/114/374 774/112/99
f 223/116/105 224/113/375 784/113/375 783/116/105
f 491/341/373 492/338/124 1052/338/124 1051/341/373
f 243/53/119 244/51/376 804/51/376 803/53/119
f 480/388/377 481/384/92 1041/384/92 1040/388/377
f 236/65/123 237/63/378 797/63/378 796/65/123
f 249/44/151 250/43/379 810/43/379 809/44/151
f 500/329/380 501/331/381 1061/331/381 1060/329/380
f 485/372/10 486/369/116 1046/369/116 1045/372/10
f 514/349/126 515/350/382 1075/350/382 1074/349/126
f 230/88/109 231/82/383 791/82/383 790/88/109
f 259/30/384 260/31/216 820/31/216 819/30/384
f 4/435/130 5/436/385 565/436/385 564/435/130
f 1/432/386 2/433/387 562/433/387 561/432/386
f 530/368/164 531/370/388 1091/370/388 1090/368/164
f 258/34/389 259/30/384 819/30/384 818/34/389
f 507/340/390 508/342/148 1068/342/148 1067/340/390
f 501/331/381 502/333/133 1062/333/133 1061/331/381
f 275/194/391 276/200/174 836/200/174 835/194/391
f 515/350/382 516/351/392 1076/351/392 1075/350/382
f 252/40/144 253/39/393 813/39/393 812/40/144
f 246/48/128 247/47/394 807/47/394 806/48/128
f 20/456/170 21/458/395 581/458/395 580/456/170
f 17/452/396 18/454/397 578/454/397 577/452/396
f 13/447/157 14/448/398 574/448/398 573/447/157
f 265/24/399 266/25/159 826/25/159 825/24/399
f 274/188/400 275/194/391 835/194/391 834/188/400
f 270/170/172 271/173/401 831/173/401 830/170/172
f 10/443/153 11/444/300 571/444/300 570/443/153
f 255/37/142 256/36/146 816/36/146 815/37/142
f 531/370/388 532/371/402 1092/371/402 1091/370/388
f 527/364/351 528/365/403 1088/365/403 1087/364/351
f 524/360/166 525/361/186 1085/361/186 1084/360/166
f 454/241/359 455/239/107 1015/239/107 1014/241/359
f 99/511/404 100/509/405 660/509/405 659/511/404
f 29/471/183 30/473/287 590/473/287 589/471/183
f 281/217/406 282/218/177 842/218/177 841/217/406
f 7/438/138 8/440/407 568/440/407 567/438/138
f 546/392/195 547/393/408 1107/393/408 1106/392/195
f 526/363/187 527/364/351 1087/364/351 1086/363/187
f 286/210/409 287/205/410 847/205/410 846/210/409
f 264/23/411 265/24/399 825/24/399 824/23/411
f 291/183/412 292/179/209 852/179/209 851/183/412
f 271/173/401 272/180/196 832/180/196 831/173/401
f 543/387/413 544/389/414 1104/389/414 1103/387/413
f 540/383/180 541/385/203 1101/385/203 1100/383/180
f 36/482/350 37/484/415 597/484/415 596/482/350
f 16/451/191 17/452/396 577/452/396 576/451/191
f 33/478/416 34/480/417 594/480/417 593/478/416
f 101/507/418 102/504/268 662/504/268 661/507/418
f 307/123/419 308/127/232 868/127/232 867/123/419
f 61/539/234 62/542/420 622/542/420 621/539/234
f 290/187/421 291/183/412 851/183/412 850/187/421
f 533/373/422 534/374/423 1094/374/423 1093/373/422
f 52/515/225 53/517/424 613/517/424 612/515/225
f 542/386/204 543/387/413 1103/387/413 1102/386/204
f 547/393/408 548/395/425 1108/395/425 1107/393/408
f 416/292/426 417/286/7 977/286/7 976/292/426
f 287/205/410 288/199/217 848/199/217 847/205/410
f 45/503/213 46/505/427 606/505/427 605/503/213
f 23/461/162 24/462/428 584/462/428 583/461/162
f 323/154/429 324/152/239 884/152/239 883/154/429
f 32/476/211 33/478/416 593/478/416 592/476/211
f 49/510/430 50/512/345 610/512/345 609/510/430
f 302/130/431 303/128/432 863/128/432 862/130/431
f 297/155/433 298/149/200 858/149/200 857/155/433
f 280/215/434 281/217/406 841/217/406 840/215/434
f 68/532/236 69/530/435 629/530/435 628/532/236
f 306/124/436 307/123/419 867/123/419 866/124/436
f 559/413/45 560/409/45 1120/409/45 1119/413/45
f 42/498/193 43/500/41 603/500/41 602/498/193
f 65/538/437 66/535/438 626/535/438 625/538/437
f 556/410/206 557/411/240 1117/411/240 1116/410/206
f 339/161/439 340/163/251 900/163/251 899/161/439
f 558/412/23 559/413/23 1119/413/23 1118/412/23
f 322/158/440 323/154/429 883/154/429 882/158/440
f 84/557/245 85/558/252 645/558/252 644/557/245
f 303/128/432 304/126/246 864/126/246 863/128/432
f 317/166/441 270/170/172 830/170/172 877/166/441
f 313/144/442 314/150/229 874/150/229 873/144/442
f 549/397/443 550/399/444 1110/399/444 1109/397/443
f 48/508/275 49/510/430 609/510/430 608/508/275
f 81/553/445 82/554/446 642/554/446 641/553/445
f 58/531/221 59/533/447 619/533/447 618/531/221
f 39/494/185 40/496/448 600/496/448 599/494/185
f 338/157/449 339/161/439 899/161/439 898/157/449
f 296/159/450 297/155/433 857/155/433 856/159/450
f 55/523/215 56/525/451 616/525/451 615/523/215
f 312/135/452 313/144/442 873/144/442 872/135/452
f 8/440/407 9/441/152 569/441/152 568/440/407
f 77/547/97 78/548/453 638/548/453 637/547/97
f 329/137/454 330/136/250 890/136/250 889/137/454
f 355/208/455 356/204/456 916/204/456 915/208/455
f 319/168/457 320/164/256 880/164/256 879/168/457
f 334/145/458 335/147/459 895/147/459 894/145/458
f 74/521/23 75/520/23 635/520/23 634/521/23
f 100/509/405 101/507/418 661/507/418 660/509/405
f 64/540/255 65/538/437 625/538/437 624/540/255
f 97/516/460 98/513/461 658/513/461 657/516/460
f 354/209/462 355/208/455 915/208/455 914/209/462
f 335/147/459 336/151/276 896/151/276 895/147/459
f 345/182/463 346/185/271 906/185/271 905/182/463
f 80/551/273 81/553/445 641/553/445 640/551/273
f 350/197/464 351/201/465 911/201/465 910/197/464
f 90/549/267 91/545/466 651/545/466 650/549/267
f 482/381/93 483/378/303 1043/378/303 1042/381/93
f 113/486/467 114/483/68 674/483/68 673/486/467
f 365/174/468 318/172/469 878/172/469 925/174/468
f 87/559/470 88/556/471 648/556/471 647/559/470
f 116/477/278 117/474/472 677/474/472 676/477/278
f 370/223/327 371/222/327 931/222/327 930/223/327
f 109/490/285 110/489/473 670/489/473 669/490/285
f 344/178/474 345/182/463 905/182/463 904/178/474
f 351/201/465 352/203/288 912/203/288 911/201/465
f 366/221/327 367/220/327 927/220/327 926/221/327
f 361/190/475 362/186/286 922/186/286 921/190/475
f 226/108/476 227/105/319 787/105/319 786/108/476
f 106/493/283 107/492/477 667/492/477 666/493/283
f 103/502/269 104/499/478 664/499/478 663/502/269
f 444/273/156 445/269/74 1005/269/74 1004/273/156
f 371/222/156 366/221/156 926/221/156 931/222/156
f 104/499/478 105/495/282 665/495/282 664/499/478
f 360/192/479 361/190/475 921/190/475 920/192/479
f 387/231/480 388/233/295 948/233/295 947/231/480
f 132/423/291 133/419/481 693/419/481 692/423/291
f 129/439/482 130/430/483 690/430/483 689/439/482
f 377/244/484 378/238/294 938/238/294 937/244/484
f 119/470/302 120/468/5 680/468/5 679/470/302
f 386/229/485 387/231/480 947/231/480 946/229/485
f 125/453/298 126/449/486 686/449/486 685/453/298
f 122/463/226 123/460/487 683/460/487 682/463/226
f 376/252/488 377/244/484 937/244/484 936/252/488
f 382/228/489 383/227/490 943/227/490 942/228/489
f 367/220/23 368/219/23 928/219/23 927/220/23
f 145/428/491 146/429/492 706/429/492 705/428/491
f 393/257/493 394/261/308 954/261/308 953/257/493
f 112/487/306 113/486/467 673/486/467 672/487/306
f 402/301/494 403/309/495 963/309/495 962/301/494
f 138/418/307 139/420/19 699/420/19 698/418/307
f 161/1/496 162/6/11 722/6/11 721/1/496
f 141/422/314 142/424/17 702/424/17 701/422/314
f 409/319/497 410/317/315 970/317/315 969/319/497
f 135/415/318 136/414/35 696/414/35 695/415/318
f 403/309/495 404/312/312 964/312/312 963/309/495
f 418/282/8 419/278/322 979/278/322 978/282/8
f 398/281/14 399/285/498 959/285/498 958/281/14
f 154/10/310 155/8/26 715/8/26 714/10/310
f 392/251/29 393/257/493 953/257/493 952/251/29
f 148/19/499 149/17/15 709/17/15 708/19/499
f 157/5/321 158/4/32 718/4/32 717/5/321
f 328/140/500 329/137/454 889/137/454 888/140/500
f 151/14/335 152/13/52 712/13/52 711/14/335
f 383/227/490 384/226/327 944/226/327 943/227/490
f 414/302/25 415/296/501 975/296/501 974/302/25
f 408/320/45 409/319/497 969/319/497 968/320/45
f 164/12/326 165/15/39 725/15/39 724/12/326
f 425/289/502 426/293/330 986/293/330 985/289/502
f 91/545/466 92/544/264 652/544/264 651/545/466
f 399/285/498 400/291/337 960/291/337 959/285/498
f 177/62/503 178/64/41 738/64/41 737/62/503
f 170/42/325 171/46/50 731/46/50 730/42/325
f 86/560/253 87/559/470 647/559/470 646/560/253
f 144/426/332 145/428/491 705/428/491 704/426/332
f 506/339/31 507/340/390 1067/340/390 1066/339/31
f 250/43/379 251/41/143 811/41/143 810/43/379
f 415/296/501 416/292/426 976/292/426 975/296/501
f 441/283/504 442/279/339 1002/279/339 1001/283/504
f 435/304/505 436/300/341 996/300/341 995/304/505
f 160/2/343 161/1/496 721/1/496 720/2/343
f 93/543/265 94/537/506 654/537/506 653/543/265
f 186/81/334 187/84/59 747/84/59 746/81/334
f 167/29/352 168/32/70 728/32/70 727/29/352
f 180/68/336 181/69/54 741/69/54 740/68/336
f 193/97/507 194/99/72 754/99/72 753/97/507
f 173/52/333 174/55/48 734/55/48 733/52/333
f 424/287/63 425/289/502 985/289/502 984/287/63
f 450/253/67 451/249/508 1011/249/508 1010/253/67
f 430/305/44 431/307/509 991/307/509 990/305/44
f 183/72/357 184/74/90 744/74/90 743/72/357
f 451/249/508 452/247/347 1012/247/347 1011/249/508
f 209/75/510 210/106/85 770/106/85 769/75/510
f 457/240/511 458/242/358 1018/242/358 1017/240/511
f 440/288/84 441/283/504 1001/283/504 1000/288/84
f 196/104/346 197/102/64 757/102/64 756/104/346
f 431/307/509 432/311/327 992/311/327 991/307/509
f 466/266/79 467/270/219 1027/270/219 1026/266/79
f 202/91/356 203/89/76 763/89/76 762/91/356
f 176/60/351 177/62/503 737/62/503 736/60/351
f 212/109/353 213/111/98 773/111/98 772/109/353
f 225/110/512 226/108/476 786/108/476 785/110/512
f 189/87/344 190/90/80 750/90/80 749/87/344
f 446/265/75 447/263/513 1007/263/513 1006/265/75
f 487/366/117 488/362/61 1048/362/61 1047/366/117
f 473/405/514 474/403/369 1034/403/369 1033/405/514
f 199/98/362 200/96/114 760/96/114 759/98/362
f 447/263/513 448/259/363 1008/259/363 1007/263/513
f 205/83/355 206/80/94 766/80/94 765/83/355
f 218/118/365 219/120/102 779/120/102 778/118/365
f 456/237/45 457/240/511 1017/240/511 1016/237/45
f 192/95/360 193/97/507 753/97/507 752/95/360
f 462/254/87 463/256/515 1023/256/515 1022/254/87
f 228/103/320 229/94/108 789/94/108 788/103/320
f 463/256/515 464/260/304 1024/260/304 1023/256/515
f 208/76/23 209/75/23 769/75/23 768/76/23
f 241/56/516 242/54/118 802/54/118 801/56/516
f 499/328/517 500/329/380 1060/329/380 1059/328/517
f 96/519/89 97/516/460 657/516/460 656/519/89
f 498/325/111 499/328/517 1059/328/517 1058/325/111
f 221/122/364 222/119/104 782/119/104 781/122/364
f 244/51/376 245/50/127 805/50/127 804/51/376
f 479/391/518 480/388/377 1040/388/377 1039/391/518
f 434/306/38 435/304/505 995/304/505 994/306/38
f 478/394/101 479/391/518 1039/391/518 1038/394/101
f 489/358/62 490/344/372 1050/344/372 1049/358/62
f 215/114/374 216/115/131 776/115/131 775/114/374
f 224/113/375 225/110/512 785/110/512 784/113/375
f 257/33/147 258/34/389 818/34/389 817/33/147
f 234/70/371 235/67/122 795/67/122 794/70/371
f 472/408/327 473/405/327 1033/405/327 1032/408/327
f 2/433/387 3/434/129 563/434/129 562/433/387
f 98/513/461 99/511/404 659/511/404 658/513/461
f 516/351/392 517/352/262 1077/352/262 1076/351/392
f 237/63/378 238/61/120 798/61/120 797/63/378
f 231/82/383 232/78/367 792/78/367 791/82/383
f 273/184/197 274/188/400 834/188/400 833/184/197
f 494/332/113 495/330/519 1055/330/519 1054/332/113
f 5/436/385 6/437/137 566/437/137 565/436/385
f 495/330/519 496/327/520 1056/327/520 1055/330/519
f 18/454/397 19/455/169 579/455/169 578/454/397
f 262/21/136 263/22/521 823/22/521 822/21/136
f 240/58/202 241/56/516 801/56/516 800/58/202
f 532/371/402 533/373/422 1093/373/422 1092/371/402
f 247/47/394 248/45/150 808/45/150 807/47/394
f 519/354/522 520/355/139 1080/355/139 1079/354/522
f 521/356/140 522/357/157 1082/357/157 1081/356/140
f 504/336/145 505/337/30 1065/337/30 1064/336/145
f 511/346/523 512/347/524 1072/347/524 1071/346/523
f 289/193/218 290/187/421 850/187/421 849/193/218
f 268/27/165 269/28/525 829/28/525 828/27/165
f 21/458/395 22/459/161 582/459/161 581/458/395
f 34/480/417 35/481/349 595/481/349 594/480/417
f 253/39/393 254/38/141 814/38/141 813/39/393
f 537/379/168 538/380/175 1098/380/175 1097/379/168
f 518/353/263 519/354/522 1079/354/522 1078/353/263
f 278/211/155 279/213/526 839/213/526 838/211/155
f 548/395/425 549/397/443 1109/397/443 1108/395/425
f 510/345/527 511/346/523 1071/346/523 1070/345/527
f 27/467/270 28/469/182 588/469/182 587/467/270
f 263/22/521 264/23/411 824/23/411 823/22/521
f 535/376/528 536/377/167 1096/377/167 1095/376/528
f 305/125/247 306/124/436 866/124/436 865/125/247
f 512/347/524 513/348/125 1073/348/125 1072/347/524
f 284/214/179 285/212/529 845/212/529 844/214/179
f 356/204/456 357/202/260 917/202/260 916/204/456
f 14/448/398 15/450/190 575/450/190 574/448/398
f 496/327/520 497/326/110 1057/326/110 1056/327/520
f 528/365/403 529/367/163 1089/367/163 1088/365/403
f 553/404/189 554/406/198 1114/406/198 1113/404/189
f 62/542/420 63/541/254 623/541/254 622/542/420
f 321/162/257 322/158/440 882/158/440 881/162/257
f 285/212/529 286/210/409 846/210/409 845/212/529
f 37/484/23 38/485/23 598/485/23 597/484/23
f 66/535/438 67/534/235 627/534/235 626/535/438
f 43/500/41 44/501/212 604/501/212 603/500/41
f 294/169/156 295/165/530 855/165/530 854/169/156
f 300/134/205 301/132/531 861/132/531 860/134/205
f 534/374/423 535/376/528 1095/376/528 1094/374/423
f 551/400/532 552/402/188 1112/402/188 1111/400/532
f 337/153/277 338/157/449 898/157/449 897/153/277
f 544/389/414 545/390/194 1105/390/194 1104/389/414
f 279/213/526 280/215/434 840/215/434 839/213/526
f 24/462/428 25/464/172 585/464/172 584/462/428
f 82/554/446 83/555/244 643/555/244 642/554/446
f 301/132/531 302/130/431 862/130/431 861/132/531
f 59/533/447 60/536/233 620/536/233 619/533/447
f 318/172/469 319/168/457 879/168/457 878/172/469
f 53/517/424 54/518/214 614/518/214 613/517/424
f 46/505/427 47/506/274 607/506/274 606/505/427
f 316/160/228 317/166/441 877/166/441 876/160/228
f 310/131/208 311/133/533 871/133/533 870/131/208
f 69/530/435 70/529/230 630/529/230 629/530/435
f 550/399/444 551/400/532 1111/400/532 1110/399/444
f 326/146/223 327/142/534 887/142/534 886/146/223
f 295/165/530 296/159/450 856/159/450 855/165/530
f 40/496/448 41/497/192 601/497/192 600/496/448
f 353/207/289 354/209/462 914/209/462 913/207/289
f 311/133/533 312/135/452 872/135/452 871/133/533
f 333/141/535 334/145/458 894/145/458 893/141/535
f 56/525/451 57/528/220 617/528/220 616/525/451
f 342/171/238 343/175/536 903/175/536 902/171/238
f 78/548/453 79/550/272 639/550/272 638/548/453
f 332/139/249 333/141/535 893/141/535 892/139/249
f 327/142/534 328/140/500 888/140/500 887/142/534
f 72/524/537 73/522/242 633/522/242 632/524/537
f 369/224/156 370/223/156 930/223/156 929/224/156
f 349/195/538 350/197/464 910/197/464 909/195/538
f 348/191/259 349/195/538 909/195/538 908/191/259
f 358/198/261 359/196/539 919/196/539 918/198/261
f 94/537/506 95/527/88 655/527/88 654/537/506
f 128/442/324 129/439/482 689/439/482 688/442/324
f 117/474/472 118/472/301 678/472/301 677/474/472
f 110/489/473 111/488/540 671/488/540 670/489/473
f 343/175/536 344/178/474 904/178/474 903/175/536
f 374/262/299 375/258/541 935/258/541 934/262/299
f 385/225/328 386/229/485 946/229/485 945/225/328
f 107/492/477 108/491/284 668/491/284 667/492/477
f 88/556/471 89/552/266 649/552/266 648/556/471
f 130/430/483 131/427/290 691/427/290 690/430/483
f 364/177/281 365/174/468 925/174/468 924/177/281
f 133/419/481 134/416/317 694/416/317 693/419/481
f 401/295/338 402/301/494 962/301/494 961/295/338
f 381/230/542 382/228/489 942/228/489 941/230/542
f 126/449/486 127/446/323 687/446/323 686/449/486
f 390/236/311 391/243/28 951/243/28 950/236/311
f 146/429/492 147/431/543 707/431/543 706/429/492
f 123/460/487 124/457/297 684/457/297 683/460/487
f 359/196/539 360/192/479 920/192/479 919/196/539
f 71/526/231 72/524/537 632/524/537 631/526/231
f 380/232/293 381/230/542 941/230/542 940/232/293
f 375/258/541 376/252/488 936/252/488 935/258/541
